status,config_key,units,optimizer,learning_rate,dropout,l2,batch_size,epochs_run,best_epoch,training_seconds,val_accuracy,val_precision,val_recall,val_f1,val_roc_auc,error
ok,"{""activation"": ""relu"", ""batch_norm"": false, ""batch_size"": 512, ""dropout"": 0.3, ""l2"": 1e-05, ""learning_rate"": 0.001, ""optimizer"": ""Adam"", ""units"": [256, 128, 64]}",256-128-64,Adam,0.001,0.3,1e-05,512,67,55,73.42563159996644,0.8579335793357934,0.8227306273062731,0.7886247877758913,0.8053167665968359,0.9376639081455354,
ok,"{""activation"": ""relu"", ""batch_norm"": false, ""batch_size"": 512, ""dropout"": 0.3, ""l2"": 1e-05, ""learning_rate"": 0.0005, ""optimizer"": ""Adam"", ""units"": [256, 128, 64]}",256-128-64,Adam,0.0005,0.3,1e-05,512,115,103,112.9980240999721,0.8580917237743806,0.8245327795906259,0.7865025466893039,0.8050687907313541,0.9369952530175456,
ok,"{""activation"": ""relu"", ""batch_norm"": false, ""batch_size"": 512, ""dropout"": 0.3, ""l2"": 1e-05, ""learning_rate"": 0.001, ""optimizer"": ""AdamW"", ""units"": [256, 128, 64]}",256-128-64,AdamW,0.001,0.3,1e-05,512,67,55,69.52644490008242,0.8579335793357934,0.8227306273062731,0.7886247877758913,0.8053167665968359,0.9376639081455354,
ok,"{""activation"": ""relu"", ""batch_norm"": false, ""batch_size"": 512, ""dropout"": 0.3, ""l2"": 1e-05, ""learning_rate"": 0.0005, ""optimizer"": ""AdamW"", ""units"": [256, 128, 64]}",256-128-64,AdamW,0.0005,0.3,1e-05,512,115,103,116.81106840004213,0.8580917237743806,0.8245327795906259,0.7865025466893039,0.8050687907313541,0.9369952530175456,
ok,"{""activation"": ""relu"", ""batch_norm"": false, ""batch_size"": 512, ""dropout"": 0.3, ""l2"": 1e-05, ""learning_rate"": 0.001, ""optimizer"": ""Nadam"", ""units"": [256, 128, 64]}",256-128-64,Nadam,0.001,0.3,1e-05,512,56,44,59.57703009992838,0.8614654717975752,0.8286941071957359,0.7918788907753254,0.8098683258573289,0.9374708998701621,
ok,"{""activation"": ""relu"", ""batch_norm"": false, ""batch_size"": 512, ""dropout"": 0.3, ""l2"": 1e-05, ""learning_rate"": 0.0005, ""optimizer"": ""Nadam"", ""units"": [256, 128, 64]}",256-128-64,Nadam,0.0005,0.3,1e-05,512,120,108,117.30518060014583,0.8593568792830786,0.8272835465635228,0.7867855121675156,0.8065264684554024,0.936994153441561,
ok,"{""activation"": ""relu"", ""batch_norm"": false, ""batch_size"": 512, ""dropout"": 0.3, ""l2"": 1e-05, ""learning_rate"": 0.001, ""optimizer"": ""RMSprop"", ""units"": [256, 128, 64]}",256-128-64,RMSprop,0.001,0.3,1e-05,512,138,126,126.74228420015424,0.8605693199789141,0.8267100014773231,0.7917374080362196,0.8088458480884585,0.9374429112036167,
ok,"{""activation"": ""relu"", ""batch_norm"": false, ""batch_size"": 512, ""dropout"": 0.3, ""l2"": 1e-05, ""learning_rate"": 0.0005, ""optimizer"": ""RMSprop"", ""units"": [256, 128, 64]}",256-128-64,RMSprop,0.0005,0.3,1e-05,512,123,111,115.7332473997958,0.858777016341592,0.8260288218689645,0.7866440294284097,0.8058554967751287,0.9368307148446895,
ok,"{""activation"": ""relu"", ""batch_norm"": false, ""batch_size"": 512, ""dropout"": 0.3, ""l2"": 1e-05, ""learning_rate"": 0.01, ""optimizer"": ""SGD"", ""units"": [256, 128, 64]}",256-128-64,SGD,0.01,0.3,1e-05,512,149,137,131.84571190015413,0.8577227200843437,0.8242541190440849,0.7856536502546689,0.804491126403477,0.9356631434587901,
ok,"{""activation"": ""relu"", ""batch_norm"": false, ""batch_size"": 512, ""dropout"": 0.3, ""l2"": 1e-05, ""learning_rate"": 0.005, ""optimizer"": ""SGD"", ""units"": [256, 128, 64]}",256-128-64,SGD,0.005,0.3,1e-05,512,150,150,135.88337130006403,0.854454401686874,0.8203183102781496,0.7802773061686474,0.7997969690377783,0.932920462165219,
ok,"{""activation"": ""relu"", ""batch_norm"": false, ""batch_size"": 512, ""dropout"": 0.3, ""l2"": 1e-05, ""learning_rate"": 0.001, ""optimizer"": ""Adam"", ""units"": [384, 192, 96]}",384-192-96,Adam,0.001,0.3,1e-05,512,45,33,54.18377610016614,0.8581971534001054,0.8092681548460017,0.810413129598189,0.8098402375229747,0.93654412968121,
ok,"{""activation"": ""relu"", ""batch_norm"": false, ""batch_size"": 512, ""dropout"": 0.3, ""l2"": 1e-05, ""learning_rate"": 0.0005, ""optimizer"": ""Adam"", ""units"": [384, 192, 96]}",384-192-96,Adam,0.0005,0.3,1e-05,512,91,79,107.32989099994302,0.8606747496046389,0.8280207561156412,0.7901810979060555,0.8086585100991819,0.9365436125833145,
ok,"{""activation"": ""relu"", ""batch_norm"": false, ""batch_size"": 512, ""dropout"": 0.3, ""l2"": 1e-05, ""learning_rate"": 0.001, ""optimizer"": ""AdamW"", ""units"": [384, 192, 96]}",384-192-96,AdamW,0.001,0.3,1e-05,512,45,33,55.5565158999525,0.8581971534001054,0.8092681548460017,0.810413129598189,0.8098402375229747,0.93654412968121,
ok,"{""activation"": ""relu"", ""batch_norm"": false, ""batch_size"": 512, ""dropout"": 0.3, ""l2"": 1e-05, ""learning_rate"": 0.0005, ""optimizer"": ""AdamW"", ""units"": [384, 192, 96]}",384-192-96,AdamW,0.0005,0.3,1e-05,512,91,79,108.21536260005087,0.8606747496046389,0.8280207561156412,0.7901810979060555,0.8086585100991819,0.9365436125833145,
ok,"{""activation"": ""relu"", ""batch_norm"": false, ""batch_size"": 512, ""dropout"": 0.3, ""l2"": 1e-05, ""learning_rate"": 0.001, ""optimizer"": ""Nadam"", ""units"": [384, 192, 96]}",384-192-96,Nadam,0.001,0.3,1e-05,512,56,44,70.01657380000688,0.8616236162361623,0.8221899927483683,0.8020656479909452,0.8120031511852753,0.9370136545702372,
ok,"{""activation"": ""relu"", ""batch_norm"": false, ""batch_size"": 512, ""dropout"": 0.3, ""l2"": 1e-05, ""learning_rate"": 0.0005, ""optimizer"": ""Nadam"", ""units"": [384, 192, 96]}",384-192-96,Nadam,0.0005,0.3,1e-05,512,78,66,93.26531050004996,0.8608856088560886,0.8307692307692308,0.7869269949066214,0.8082540143863983,0.9370187245070737,
ok,"{""activation"": ""relu"", ""batch_norm"": false, ""batch_size"": 512, ""dropout"": 0.3, ""l2"": 1e-05, ""learning_rate"": 0.001, ""optimizer"": ""RMSprop"", ""units"": [384, 192, 96]}",384-192-96,RMSprop,0.001,0.3,1e-05,512,80,68,93.41755330003798,0.8586188719030048,0.8192139737991266,0.7962648556876061,0.8075764098148945,0.9370393311553883,
ok,"{""activation"": ""relu"", ""batch_norm"": false, ""batch_size"": 512, ""dropout"": 0.3, ""l2"": 1e-05, ""learning_rate"": 0.0005, ""optimizer"": ""RMSprop"", ""units"": [384, 192, 96]}",384-192-96,RMSprop,0.0005,0.3,1e-05,512,111,99,129.24355260003358,0.8613073273589879,0.8295944139058089,0.7900396151669496,0.8093340097108486,0.9374488548575868,
ok,"{""activation"": ""relu"", ""batch_norm"": false, ""batch_size"": 512, ""dropout"": 0.3, ""l2"": 1e-05, ""learning_rate"": 0.01, ""optimizer"": ""SGD"", ""units"": [384, 192, 96]}",384-192-96,SGD,0.01,0.3,1e-05,512,150,148,166.66772569995373,0.8575645756457565,0.8213129231675007,0.7894736842105263,0.8050786322320012,0.9360674902383804,
ok,"{""activation"": ""relu"", ""batch_norm"": false, ""batch_size"": 512, ""dropout"": 0.3, ""l2"": 1e-05, ""learning_rate"": 0.005, ""optimizer"": ""SGD"", ""units"": [384, 192, 96]}",384-192-96,SGD,0.005,0.3,1e-05,512,150,150,165.90470300009474,0.8557195571955719,0.8203876313064062,0.7845217883418223,0.8020539524119477,0.9339210763110962,
ok,"{""activation"": ""relu"", ""batch_norm"": false, ""batch_size"": 512, ""dropout"": 0.3, ""l2"": 1e-05, ""learning_rate"": 0.001, ""optimizer"": ""Adam"", ""units"": [512, 256, 128]}",512-256-128,Adam,0.001,0.3,1e-05,512,47,35,70.83676559990272,0.8570901423299947,0.8058402358556788,0.812110922467459,0.8089634275244874,0.9370444902470343,
ok,"{""activation"": ""relu"", ""batch_norm"": false, ""batch_size"": 512, ""dropout"": 0.3, ""l2"": 1e-05, ""learning_rate"": 0.0005, ""optimizer"": ""Adam"", ""units"": [512, 256, 128]}",512-256-128,Adam,0.0005,0.3,1e-05,512,48,36,70.64726130012423,0.8583025830258303,0.810374149659864,0.8089983022071308,0.8096856414613424,0.9366821591573592,
ok,"{""activation"": ""relu"", ""batch_norm"": false, ""batch_size"": 512, ""dropout"": 0.3, ""l2"": 1e-05, ""learning_rate"": 0.001, ""optimizer"": ""AdamW"", ""units"": [512, 256, 128]}",512-256-128,AdamW,0.001,0.3,1e-05,512,47,35,71.08179750014096,0.8570901423299947,0.8058402358556788,0.812110922467459,0.8089634275244874,0.9370444902470343,
ok,"{""activation"": ""relu"", ""batch_norm"": false, ""batch_size"": 512, ""dropout"": 0.3, ""l2"": 1e-05, ""learning_rate"": 0.0005, ""optimizer"": ""AdamW"", ""units"": [512, 256, 128]}",512-256-128,AdamW,0.0005,0.3,1e-05,512,48,36,71.75774170015939,0.8583025830258303,0.810374149659864,0.8089983022071308,0.8096856414613424,0.9366821591573592,
ok,"{""activation"": ""relu"", ""batch_norm"": false, ""batch_size"": 512, ""dropout"": 0.3, ""l2"": 1e-05, ""learning_rate"": 0.001, ""optimizer"": ""Nadam"", ""units"": [512, 256, 128]}",512-256-128,Nadam,0.001,0.3,1e-05,512,46,34,69.65024700015783,0.8562467053241961,0.8012491325468425,0.8167798528579513,0.8089399565613395,0.9371059832910098,
ok,"{""activation"": ""relu"", ""batch_norm"": false, ""batch_size"": 512, ""dropout"": 0.3, ""l2"": 1e-05, ""learning_rate"": 0.0005, ""optimizer"": ""Nadam"", ""units"": [512, 256, 128]}",512-256-128,Nadam,0.0005,0.3,1e-05,512,58,46,88.77423290000297,0.8571428571428571,0.8058674901740596,0.8122524052065648,0.8090473506200676,0.9368350715430497,
ok,"{""activation"": ""relu"", ""batch_norm"": false, ""batch_size"": 512, ""dropout"": 0.3, ""l2"": 1e-05, ""learning_rate"": 0.001, ""optimizer"": ""RMSprop"", ""units"": [512, 256, 128]}",512-256-128,RMSprop,0.001,0.3,1e-05,512,66,54,98.9826074000448,0.857880864522931,0.8100709219858157,0.80800792303339,0.8090381073806489,0.9367564607756401,
ok,"{""activation"": ""relu"", ""batch_norm"": false, ""batch_size"": 512, ""dropout"": 0.3, ""l2"": 1e-05, ""learning_rate"": 0.0005, ""optimizer"": ""RMSprop"", ""units"": [512, 256, 128]}",512-256-128,RMSprop,0.0005,0.3,1e-05,512,77,65,109.34364809980616,0.8581971534001054,0.8137002006305531,0.8033389926428975,0.8084864018225829,0.9368929092398333,
ok,"{""activation"": ""relu"", ""batch_norm"": false, ""batch_size"": 512, ""dropout"": 0.3, ""l2"": 1e-05, ""learning_rate"": 0.01, ""optimizer"": ""SGD"", ""units"": [512, 256, 128]}",512-256-128,SGD,0.01,0.3,1e-05,512,150,147,226.53979969979264,0.8591987348444913,0.8213711445695073,0.7949915110356537,0.8079660651376807,0.9379857748389817,
ok,"{""activation"": ""relu"", ""batch_norm"": false, ""batch_size"": 512, ""dropout"": 0.3, ""l2"": 1e-05, ""learning_rate"": 0.005, ""optimizer"": ""SGD"", ""units"": [512, 256, 128]}",512-256-128,SGD,0.005,0.3,1e-05,512,150,149,209.922142499825,0.8566684238270954,0.8194505655942412,0.7891907187323146,0.804036036036036,0.9349552602145972,
ok,"{""activation"": ""relu"", ""batch_norm"": false, ""batch_size"": 512, ""dropout"": 0.3, ""l2"": 1e-05, ""learning_rate"": 0.001, ""optimizer"": ""Adam"", ""units"": [512, 256, 128, 64]}",512-256-128-64,Adam,0.001,0.3,1e-05,512,43,31,71.56465790001675,0.8558249868212968,0.8018670753796852,0.8142331635540464,0.808002808002808,0.9363920434634212,
ok,"{""activation"": ""relu"", ""batch_norm"": false, ""batch_size"": 512, ""dropout"": 0.3, ""l2"": 1e-05, ""learning_rate"": 0.0005, ""optimizer"": ""Adam"", ""units"": [512, 256, 128, 64]}",512-256-128-64,Adam,0.0005,0.3,1e-05,512,62,50,98.46308120014146,0.8564048497627833,0.7989265070189926,0.8213073005093379,0.8099623273336124,0.936516842365833,
ok,"{""activation"": ""relu"", ""batch_norm"": false, ""batch_size"": 512, ""dropout"": 0.3, ""l2"": 1e-05, ""learning_rate"": 0.001, ""optimizer"": ""AdamW"", ""units"": [512, 256, 128, 64]}",512-256-128-64,AdamW,0.001,0.3,1e-05,512,43,31,73.70236049988307,0.8558249868212968,0.8018670753796852,0.8142331635540464,0.808002808002808,0.9363920434634212,
ok,"{""activation"": ""relu"", ""batch_norm"": false, ""batch_size"": 512, ""dropout"": 0.3, ""l2"": 1e-05, ""learning_rate"": 0.0005, ""optimizer"": ""AdamW"", ""units"": [512, 256, 128, 64]}",512-256-128-64,AdamW,0.0005,0.3,1e-05,512,62,50,98.95295620011166,0.8564048497627833,0.7989265070189926,0.8213073005093379,0.8099623273336124,0.936516842365833,
ok,"{""activation"": ""relu"", ""batch_norm"": false, ""batch_size"": 512, ""dropout"": 0.3, ""l2"": 1e-05, ""learning_rate"": 0.001, ""optimizer"": ""Nadam"", ""units"": [512, 256, 128, 64]}",512-256-128-64,Nadam,0.001,0.3,1e-05,512,49,37,82.96738629997708,0.8558777016341592,0.797338090010977,0.8221561969439728,0.8095569796600725,0.9368253358378466,
ok,"{""activation"": ""relu"", ""batch_norm"": false, ""batch_size"": 512, ""dropout"": 0.3, ""l2"": 1e-05, ""learning_rate"": 0.0005, ""optimizer"": ""Nadam"", ""units"": [512, 256, 128, 64]}",512-256-128-64,Nadam,0.0005,0.3,1e-05,512,51,39,83.342602299992,0.8560358460727464,0.7988973121984838,0.8200339558573854,0.8093276548209174,0.9364063855004514,
ok,"{""activation"": ""relu"", ""batch_norm"": false, ""batch_size"": 512, ""dropout"": 0.3, ""l2"": 1e-05, ""learning_rate"": 0.001, ""optimizer"": ""RMSprop"", ""units"": [512, 256, 128, 64]}",512-256-128-64,RMSprop,0.001,0.3,1e-05,512,63,51,95.50962999998592,0.8580917237743806,0.8017098731384446,0.8225806451612904,0.8120111731843576,0.9367522288940133,
ok,"{""activation"": ""relu"", ""batch_norm"": false, ""batch_size"": 512, ""dropout"": 0.3, ""l2"": 1e-05, ""learning_rate"": 0.0005, ""optimizer"": ""RMSprop"", ""units"": [512, 256, 128, 64]}",512-256-128-64,RMSprop,0.0005,0.3,1e-05,512,113,101,172.84814659995027,0.855350553505535,0.798289183222958,0.8186191284663271,0.808326348141939,0.9361642410377069,
ok,"{""activation"": ""relu"", ""batch_norm"": false, ""batch_size"": 512, ""dropout"": 0.3, ""l2"": 1e-05, ""learning_rate"": 0.01, ""optimizer"": ""SGD"", ""units"": [512, 256, 128, 64]}",512-256-128-64,SGD,0.01,0.3,1e-05,512,150,138,223.77419389993884,0.8548234053769109,0.8001669913721124,0.8135257498585172,0.8067910761891399,0.9360584558843458,
ok,"{""activation"": ""relu"", ""batch_norm"": false, ""batch_size"": 512, ""dropout"": 0.3, ""l2"": 1e-05, ""learning_rate"": 0.005, ""optimizer"": ""SGD"", ""units"": [512, 256, 128, 64]}",512-256-128-64,SGD,0.005,0.3,1e-05,512,150,149,220.10092659993097,0.8552978386926726,0.7995841995841996,0.816213921901528,0.8078134845620668,0.9355255478693808,
ok,"{""activation"": ""relu"", ""batch_norm"": false, ""batch_size"": 512, ""dropout"": 0.3, ""l2"": 1e-05, ""learning_rate"": 0.001, ""optimizer"": ""Adam"", ""units"": [512, 512, 256, 128]}",512-512-256-128,Adam,0.001,0.3,1e-05,512,44,32,108.87123099993914,0.8551924090669478,0.7982056590752243,0.8181946802490097,0.8080765737441487,0.9359400285789902,
ok,"{""activation"": ""relu"", ""batch_norm"": false, ""batch_size"": 512, ""dropout"": 0.3, ""l2"": 1e-05, ""learning_rate"": 0.0005, ""optimizer"": ""Adam"", ""units"": [512, 512, 256, 128]}",512-512-256-128,Adam,0.0005,0.3,1e-05,512,45,33,109.97979770018719,0.8542435424354243,0.7997770656263062,0.812110922467459,0.8058968058968059,0.9355135892375928,
ok,"{""activation"": ""relu"", ""batch_norm"": false, ""batch_size"": 512, ""dropout"": 0.3, ""l2"": 1e-05, ""learning_rate"": 0.001, ""optimizer"": ""AdamW"", ""units"": [512, 512, 256, 128]}",512-512-256-128,AdamW,0.001,0.3,1e-05,512,44,32,111.66788940015249,0.8551924090669478,0.7982056590752243,0.8181946802490097,0.8080765737441487,0.9359400285789902,
ok,"{""activation"": ""relu"", ""batch_norm"": false, ""batch_size"": 512, ""dropout"": 0.3, ""l2"": 1e-05, ""learning_rate"": 0.0005, ""optimizer"": ""AdamW"", ""units"": [512, 512, 256, 128]}",512-512-256-128,AdamW,0.0005,0.3,1e-05,512,45,33,114.4457617001608,0.8542435424354243,0.7997770656263062,0.812110922467459,0.8058968058968059,0.9355135892375928,
ok,"{""activation"": ""relu"", ""batch_norm"": false, ""batch_size"": 512, ""dropout"": 0.3, ""l2"": 1e-05, ""learning_rate"": 0.001, ""optimizer"": ""Nadam"", ""units"": [512, 512, 256, 128]}",512-512-256-128,Nadam,0.001,0.3,1e-05,512,40,28,102.22211809991859,0.8562467053241961,0.8009150145570497,0.8173457838143746,0.8090469855052167,0.9365300610522627,
ok,"{""activation"": ""relu"", ""batch_norm"": false, ""batch_size"": 512, ""dropout"": 0.3, ""l2"": 1e-05, ""learning_rate"": 0.0005, ""optimizer"": ""Nadam"", ""units"": [512, 512, 256, 128]}",512-512-256-128,Nadam,0.0005,0.3,1e-05,512,51,39,129.98281309986487,0.8546652609383236,0.7971873707431407,0.8180531975099038,0.8074855107883527,0.9363720430678117,
ok,"{""activation"": ""relu"", ""batch_norm"": false, ""batch_size"": 512, ""dropout"": 0.3, ""l2"": 1e-05, ""learning_rate"": 0.001, ""optimizer"": ""RMSprop"", ""units"": [512, 512, 256, 128]}",512-512-256-128,RMSprop,0.001,0.3,1e-05,512,51,39,124.21548489993438,0.8546125461254612,0.7957727147954983,0.8203169213355971,0.8078584366727045,0.9367772695081897,
ok,"{""activation"": ""relu"", ""batch_norm"": false, ""batch_size"": 512, ""dropout"": 0.3, ""l2"": 1e-05, ""learning_rate"": 0.0005, ""optimizer"": ""RMSprop"", ""units"": [512, 512, 256, 128]}",512-512-256-128,RMSprop,0.0005,0.3,1e-05,512,66,54,158.6474880001042,0.8535582498682129,0.7915986949429038,0.8238539898132428,0.8074043261231281,0.9360324226799566,
ok,"{""activation"": ""relu"", ""batch_norm"": false, ""batch_size"": 512, ""dropout"": 0.3, ""l2"": 1e-05, ""learning_rate"": 0.01, ""optimizer"": ""SGD"", ""units"": [512, 512, 256, 128]}",512-512-256-128,SGD,0.01,0.3,1e-05,512,150,140,348.0962304000277,0.860305745914602,0.8138675760159136,0.810413129598189,0.8121366794271941,0.9367019039758482,
ok,"{""activation"": ""relu"", ""batch_norm"": false, ""batch_size"": 512, ""dropout"": 0.3, ""l2"": 1e-05, ""learning_rate"": 0.005, ""optimizer"": ""SGD"", ""units"": [512, 512, 256, 128]}",512-512-256-128,SGD,0.005,0.3,1e-05,512,150,150,346.60542509984225,0.8580390089615182,0.8116540817780311,0.8060271646859083,0.8088308369418613,0.9353550184933226,
