threshold,accuracy,precision,recall,f1,roc_auc,tn,fp,fn,tp
0.2,0.7867158671586716,0.6496335908100614,0.9281267685342388,0.764301526272865,0.9276296056542503,8364,3538,508,6560
0.201,0.7870848708487085,0.6502331117944649,0.9274193548387096,0.7644760627441833,0.9276296056542503,8376,3526,513,6555
0.202,0.7878755930416447,0.6512922465208748,0.9269949066213922,0.765063054647361,0.9276296056542503,8394,3508,516,6552
0.203,0.788666315234581,0.6522648083623693,0.9269949066213922,0.7657336527785894,0.9276296056542503,8409,3493,516,6552
0.204,0.7891407485503427,0.6529106858054227,0.9267119411431806,0.7660818713450293,0.9276296056542503,8420,3482,518,6550
0.205,0.7896151818661044,0.653558239345244,0.9264289756649688,0.7664306197694154,0.9276296056542503,8431,3471,520,6548
0.206,0.7899314707432789,0.6541345865413458,0.9255800792303339,0.7665358251801512,0.9276296056542503,8443,3459,526,6542
0.207,0.7906167633104902,0.6551724137931034,0.9247311827956989,0.7669561135883596,0.9276296056542503,8462,3440,532,6536
0.208,0.7909857670005271,0.6557261868914985,0.9243067345783814,0.7671892431448535,0.9276296056542503,8472,3430,535,6533
0.209,0.7916183447548761,0.6565483968238014,0.9241652518392756,0.7677028853499441,0.9276296056542503,8485,3417,536,6532
0.21,0.7918292040063257,0.6569387138975546,0.9235993208828522,0.7677741840635107,0.9276296056542503,8493,3409,540,6528
0.211,0.7921454928835002,0.657494204213285,0.9228919071873232,0.7679086467714403,0.9276296056542503,8504,3398,545,6523
0.212,0.7925672113863996,0.6581524482584553,0.9223259762308998,0.7681611971955459,0.9276296056542503,8516,3386,549,6519
0.213,0.7929889298892989,0.6587486101283736,0.9220430107526881,0.7684688402806439,0.9276296056542503,8526,3376,551,6517
0.214,0.7931470743278861,0.6590127452963788,0.9217600452744765,0.7685501946443317,0.9276296056542503,8531,3371,553,6515
0.215,0.7937796520822351,0.6599108228617754,0.9213355970571591,0.7690127538970241,0.9276296056542503,8546,3356,556,6512
0.216,0.7944122298365841,0.6607795371498173,0.9210526315789473,0.7695035460992907,0.9276296056542503,8560,3342,558,6510
0.217,0.7948866631523458,0.661514997458058,0.920486700622524,0.7698041767733539,0.9276296056542503,8573,3329,562,6506
0.218,0.7952029520295203,0.6621167362738107,0.9196378041878891,0.769914124962985,0.9276296056542503,8585,3317,568,6500
0.219,0.7960991038481814,0.6634320735444331,0.9189303904923599,0.7705540396251038,0.9276296056542503,8607,3295,573,6495
0.22,0.7965735371639431,0.6642104185856105,0.9182229767968307,0.770829621711503,0.9276296056542503,8621,3281,578,6490
0.221,0.7972061149182921,0.6650948231676064,0.9179400113186191,0.7713249717648457,0.9276296056542503,8635,3267,580,6488
0.222,0.7977332630469162,0.6659135257266099,0.9173740803621958,0.7716750966974115,0.9276296056542503,8649,3253,584,6484
0.223,0.7979968371112283,0.6663582150935636,0.9169496321448783,0.7718232702155532,0.9276296056542503,8657,3245,587,6481
0.224,0.7985239852398524,0.6670784434836319,0.9168081494057725,0.7722559885591705,0.9276296056542503,8668,3234,588,6480
0.225,0.7988402741170268,0.6676634357599505,0.9161007357102433,0.7723965167601098,0.9276296056542503,8679,3223,593,6475
0.226,0.7992092778070637,0.6681804107751058,0.9159592529711376,0.7726920093095423,0.9276296056542503,8687,3215,594,6474
0.227,0.7992092778070637,0.6683889635217526,0.9151103565365025,0.7725291131681099,0.9276296056542503,8693,3209,600,6468
0.228,0.7995255666842382,0.6688734871211337,0.9148273910582909,0.7727517179563789,0.9276296056542503,8701,3201,602,6466
0.229,0.8000527148128624,0.6696363824717705,0.9145444255800792,0.7731595000299025,0.9276296056542503,8713,3189,604,6464
0.23,0.800263574064312,0.6700549735504616,0.9139784946236559,0.7732359806092525,0.9276296056542503,8721,3181,608,6460
0.231,0.8010015814443858,0.6710293964890413,0.9139784946236559,0.773884396525906,0.9276296056542503,8735,3167,608,6460
0.232,0.8016868740115972,0.6719367588932806,0.9139784946236559,0.7744874715261959,0.9276296056542503,8748,3154,608,6460
0.233,0.8022140221402214,0.6727443217336945,0.9135540464063384,0.7748709948397936,0.9276296056542503,8761,3141,611,6457
0.234,0.8022140221402214,0.6729966611018364,0.9125636672325976,0.7746817199135239,0.9276296056542503,8768,3134,618,6450
0.235,0.8026357406431207,0.6736314249895529,0.9122807017543859,0.775,0.9276296056542503,8778,3124,620,6448
0.236,0.8033737480231945,0.6746546672247803,0.9121392190152802,0.7756256015399422,0.9276296056542503,8793,3109,621,6447
0.237,0.8037954665260938,0.6754404362416108,0.9112903225806451,0.775837147675259,0.9276296056542503,8807,3095,627,6441
0.238,0.8041117554032683,0.6759764804703906,0.9108658743633277,0.776036644165863,0.9276296056542503,8816,3086,630,6438
0.239,0.8042698998418556,0.6764860599684377,0.909734012450481,0.7759609002594582,0.9276296056542503,8827,3075,638,6430
0.24,0.8045861887190301,0.676987888362296,0.9094510469722694,0.7761878886675119,0.9276296056542503,8835,3067,640,6428
0.241,0.8046916183447549,0.6772425424264783,0.9090265987549518,0.7762005436424041,0.9276296056542503,8840,3062,643,6425
0.242,0.8055877701634159,0.6784582893347413,0.9090265987549518,0.7769984278631031,0.9276296056542503,8857,3045,643,6425
0.243,0.8059567738534528,0.679073702019668,0.9086021505376344,0.7772465960665658,0.9276296056542503,8867,3035,646,6422
0.244,0.8063257775434898,0.6796527630743172,0.9083191850594228,0.77752210245852,0.9276296056542503,8876,3026,648,6420
0.245,0.806483921982077,0.6799449094183706,0.9080362195812111,0.7776094990004241,0.9276296056542503,8881,3021,650,6418
0.246,0.8068529256721139,0.6806794055201698,0.9071873231465761,0.7777777777777778,0.9276296056542503,8894,3008,656,6412
0.247,0.8070637849235636,0.6811224489795918,0.9066213921901528,0.7778587035688274,0.9276296056542503,8902,3000,660,6408
0.248,0.8073800738007381,0.6816730523627076,0.9061969439728353,0.7780612244897959,0.9276296056542503,8911,2991,663,6405
0.249,0.8075382182393253,0.6819682607306422,0.9059139784946236,0.778149115877742,0.9276296056542503,8916,2986,665,6403
0.25,0.8078017923036374,0.6824872013651877,0.9053480475382003,0.7782777912916565,0.9276296056542503,8925,2977,669,6399
0.251,0.8079599367422245,0.6829007796646374,0.9046406338426712,0.7782849491814253,0.9276296056542503,8933,2969,674,6394
0.252,0.8081180811808119,0.6833547282841249,0.9037917374080362,0.7782651072124757,0.9276296056542503,8942,2960,680,6388
0.253,0.8084343700579862,0.6838723495395159,0.9035087719298246,0.7784956723150067,0.9276296056542503,8950,2952,682,6386
0.254,0.8090669478123352,0.6848315812057498,0.9032258064516129,0.7790115924344112,0.9276296056542503,8964,2938,684,6384
0.255,0.8093832366895097,0.685431886549205,0.9026598754951896,0.7791890571568149,0.9276296056542503,8974,2928,688,6380
0.256,0.8097522403795466,0.686027750887383,0.902376910016978,0.779468377635197,0.9276296056542503,8983,2919,690,6378
0.257,0.8099103848181339,0.6863695090439277,0.9019524617996605,0.7795304475421864,0.9276296056542503,8989,2913,693,6375
0.258,0.8105956773853453,0.6874123611260922,0.9016694963214488,0.7800967011445009,0.9276296056542503,9004,2898,695,6373
0.259,0.8106483921982077,0.6877295312162454,0.9008205998868138,0.7799828494426069,0.9276296056542503,9011,2891,701,6367
0.26,0.8107538218239325,0.6881220250973604,0.8999717034521788,0.7799166257969593,0.9276296056542503,9019,2883,707,6361
0.261,0.8111755403268318,0.6888407367280607,0.8995472552348613,0.7802184317094122,0.9276296056542503,9030,2872,710,6358
0.262,0.8120189773326305,0.6900781589231437,0.8994057724957555,0.7809582309582309,0.9276296056542503,9047,2855,711,6357
0.263,0.8123879810226674,0.6907687289333478,0.8988398415393322,0.7811865969873962,0.9276296056542503,9058,2844,715,6353
0.264,0.812598840274117,0.6913190284282758,0.8979909451046972,0.7812173056803495,0.9276296056542503,9068,2834,721,6347
0.265,0.8131259884027412,0.6921147344312357,0.8978494623655914,0.781671491038985,0.9276296056542503,9079,2823,722,6346
0.266,0.8129678439641539,0.6921816990609303,0.8968590831918506,0.7813385923825958,0.9276296056542503,9083,2819,729,6339
0.267,0.8133368476541908,0.692795452060785,0.896576117713639,0.7816219549799568,0.9276296056542503,9092,2810,731,6337
0.268,0.8136004217185029,0.6933435515655791,0.8960101867572157,0.781755338847056,0.9276296056542503,9101,2801,735,6333
0.269,0.8136531365313653,0.6935042173293898,0.895727221279004,0.7817497067358152,0.9276296056542503,9104,2798,737,6331
0.27,0.8139167105956774,0.6940118447027857,0.8953027730616865,0.781910292845669,0.9276296056542503,9112,2790,740,6328
0.271,0.8141802846599895,0.6943926259190167,0.8953027730616865,0.7821519065570731,0.9276296056542503,9117,2785,740,6328
0.272,0.8143911439114391,0.6948258815775019,0.894878324844369,0.7822645476470225,0.9276296056542503,9124,2778,743,6325
0.273,0.8148128624143385,0.6955230447695523,0.8945953593661573,0.7825979330404109,0.9276296056542503,9134,2768,745,6323
0.274,0.8151818661043754,0.6961453744493392,0.8943123938879457,0.782883329204855,0.9276296056542503,9143,2759,747,6321
0.275,0.815392725355825,0.6965388007054674,0.894029428409734,0.7830235439900868,0.9276296056542503,9149,2753,749,6319
0.276,0.8154981549815498,0.6969964664310954,0.8930390492359932,0.7829322748697594,0.9276296056542503,9158,2744,756,6312
0.277,0.8158144438587243,0.6975022104332449,0.8928975664968873,0.7831968230330106,0.9276296056542503,9165,2737,757,6311
0.278,0.8161834475487612,0.6980860714680828,0.8927560837577816,0.7835102750356988,0.9276296056542503,9173,2729,758,6310
0.279,0.816552451238798,0.6986271036315324,0.8927560837577816,0.7838509316770186,0.9276296056542503,9180,2722,758,6310
0.28,0.8169214549288351,0.6992131220215007,0.8926146010186757,0.7841650612143434,0.9276296056542503,9188,2714,759,6309
0.281,0.817185028993147,0.6997780244173141,0.8920486700622524,0.7843015300410499,0.9276296056542503,9197,2705,763,6305
0.282,0.817290458618872,0.7002000889284127,0.8911997736276174,0.7842380478087649,0.9276296056542503,9205,2697,769,6299
0.283,0.8176067474960463,0.7007567326953038,0.8909168081494058,0.784477388812757,0.9276296056542503,9213,2689,771,6297
0.284,0.8178703215603584,0.7012813370473537,0.8904923599320883,0.7846412765692202,0.9276296056542503,9221,2681,774,6294
0.285,0.8181866104375329,0.701840490797546,0.8902093944538766,0.784881182560968,0.9276296056542503,9229,2673,776,6292
0.286,0.8186083289404322,0.7025578018541271,0.889926428975665,0.7852193995381063,0.9276296056542503,9239,2663,778,6290
0.287,0.8186610437532946,0.7029082774049217,0.88907753254103,0.7851074462768616,0.9276296056542503,9246,2656,784,6284
0.288,0.8188719030047443,0.7034961900493052,0.888228636106395,0.7851425712856428,0.9276296056542503,9256,2646,790,6278
0.289,0.8190300474433315,0.7039613960273818,0.8875212224108658,0.7851555166155579,0.9276296056542503,9264,2638,795,6273
0.29,0.8191354770690564,0.70425699202516,0.8870967741935484,0.7851731262914031,0.9276296056542503,9269,2633,798,6270
0.291,0.8190300474433315,0.7043742269200495,0.8862478777589134,0.7849132259883466,0.9276296056542503,9273,2629,804,6264
0.292,0.8193990511333685,0.704975236380009,0.8861063950198076,0.7852306920762286,0.9276296056542503,9281,2621,805,6263
0.293,0.8199261992619926,0.7058160504959423,0.8859649122807017,0.7856963613550816,0.9276296056542503,9292,2610,806,6262
0.294,0.8200843437005798,0.7061942908721652,0.8855404640633843,0.7857636055489298,0.9276296056542503,9298,2604,809,6259
0.295,0.8202424881391671,0.7066666666666667,0.8848330503678551,0.7857771076768438,0.9276296056542503,9306,2596,814,6254
0.296,0.8205060622034792,0.7071129707112971,0.8846915676287493,0.7859971089183584,0.9276296056542503,9312,2590,815,6253
0.297,0.8208750658935161,0.7077672101449275,0.8844086021505376,0.7862893081761007,0.9276296056542503,9321,2581,817,6251
0.298,0.8210859251449657,0.7082294264339152,0.8839841539332202,0.7864065449968534,0.9276296056542503,9328,2574,820,6248
0.299,0.821244069583553,0.708612277317599,0.8835597057159027,0.7864744033751023,0.9276296056542503,9334,2568,823,6245
0.3,0.8216130732735899,0.7092706203135651,0.883276740237691,0.7867674858223063,0.9276296056542503,9343,2559,825,6243
0.301,0.8218239325250395,0.7097361237488626,0.8828522920203735,0.7868852459016393,0.9276296056542503,9350,2552,828,6240
0.302,0.8220875065893516,0.7102356825685985,0.8825693265421618,0.787079679515488,0.9276296056542503,9357,2545,830,6238
0.303,0.8221929362150764,0.710685368913217,0.8817204301075269,0.7870177432594557,0.9276296056542503,9365,2537,836,6232
0.304,0.8225092250922509,0.7114615472517427,0.880871533672892,0.7871546874012264,0.9276296056542503,9377,2525,842,6226
0.305,0.8226146547179758,0.7118178698089463,0.8803056027164686,0.7871465620848883,0.9276296056542503,9383,2519,846,6222
0.306,0.8230363732208751,0.7128111021906182,0.8793152235427278,0.787356685880788,0.9276296056542503,9398,2504,853,6215
0.307,0.8232472324723247,0.7134321498333908,0.8784663271080928,0.7873945849977807,0.9276296056542503,9408,2494,859,6209
0.308,0.8232999472851872,0.7138581952117864,0.877475947934352,0.7872556486417872,0.9276296056542503,9416,2486,866,6202
0.309,0.8236689509752241,0.7145821325648415,0.8770514997170346,0.7875246141142095,0.9276296056542503,9426,2476,869,6199
0.31,0.8237743806009489,0.7148955809391947,0.876627051499717,0.7875436924054655,0.9276296056542503,9431,2471,872,6196
0.311,0.8240906694781234,0.7154903546263139,0.8763440860215054,0.7877901430842608,0.9276296056542503,9439,2463,874,6194
0.312,0.8245651027938851,0.7163350300786673,0.8760611205432938,0.7881873727087576,0.9276296056542503,9450,2452,876,6192
0.313,0.8248286768581972,0.7170008112179859,0.8753537068477646,0.7883034974835956,0.9276296056542503,9460,2442,881,6187
0.314,0.8250395361096469,0.7175856065002902,0.8746462931522354,0.7883695721481859,0.9276296056542503,9469,2433,886,6182
0.315,0.8248286768581972,0.7176566314076485,0.8735144312393888,0.7879522685214728,0.9276296056542503,9473,2429,894,6174
0.316,0.8250395361096469,0.7180411771548214,0.873372948500283,0.7881263964251516,0.9276296056542503,9478,2424,895,6173
0.317,0.8250395361096469,0.7182442659215276,0.8728070175438597,0.7880181388516319,0.9276296056542503,9482,2420,899,6169
0.318,0.8253558249868213,0.719001516388662,0.8720996038483305,0.7881848986637683,0.9276296056542503,9493,2409,904,6164
0.319,0.8257775434897207,0.7197243956557281,0.8719581211092247,0.7885611925020792,0.9276296056542503,9502,2400,905,6163
0.32,0.8264101212440695,0.7208377208377208,0.871675155631013,0.7891130323406981,0.9276296056542503,9516,2386,907,6161
0.321,0.8264101212440695,0.72094112138593,0.8713921901528013,0.7890589968611876,0.9276296056542503,9518,2384,909,6159
0.322,0.8265682656826568,0.7215575885526625,0.8704018109790606,0.7890214184942926,0.9276296056542503,9528,2374,916,6152
0.323,0.8269372693726937,0.7222026535164964,0.8702603282399547,0.789348732755855,0.9276296056542503,9536,2366,917,6151
0.324,0.8271481286241433,0.7226989538027506,0.8698358800226372,0.789470304975923,0.9276296056542503,9543,2359,920,6148
0.325,0.8275171323141803,0.7233466698046599,0.8696943972835314,0.7897982782988565,0.9276296056542503,9551,2351,921,6147
0.326,0.8277807063784923,0.7238779597125692,0.8694114318053198,0.7899980716076365,0.9276296056542503,9558,2344,923,6145
0.327,0.8280969952556668,0.7244958131855171,0.869128466327108,0.7902489226217276,0.9276296056542503,9566,2336,925,6143
0.328,0.8285187137585661,0.7251800259709598,0.869128466327108,0.7906557693545273,0.9276296056542503,9574,2328,925,6143
0.329,0.8289404322614655,0.7259189221132254,0.8689869835880023,0.7910361259578852,0.9276296056542503,9583,2319,926,6142
0.33,0.8293094359515024,0.7265199905370239,0.8689869835880023,0.7913928617446205,0.9276296056542503,9590,2312,926,6142
0.331,0.8295730100158144,0.7271112163922776,0.8685625353706847,0.7915672748372123,0.9276296056542503,9598,2304,929,6139
0.332,0.8298892988929889,0.727736274161034,0.8682795698924731,0.7918198825882201,0.9276296056542503,9606,2296,931,6137
0.333,0.8298892988929889,0.7279525222551929,0.8677136389360498,0.7917123862389466,0.9276296056542503,9610,2292,935,6133
0.334,0.8298365840801265,0.7280826799714897,0.8671477079796265,0.7915536613715614,0.9276296056542503,9613,2289,939,6129
0.335,0.8304164470216131,0.7291989048922747,0.866723259762309,0.7920356842717693,0.9276296056542503,9627,2275,942,6126
0.336,0.8305218766473379,0.7294818344252532,0.8664402942840973,0.7920843303369334,0.9276296056542503,9631,2271,944,6124
0.337,0.8309435951502372,0.7301776558960296,0.8664402942840973,0.7924943384018117,0.9276296056542503,9639,2263,944,6124
0.338,0.8310490247759621,0.7304617587400072,0.8661573288058857,0.792543206680044,0.9276296056542503,9643,2259,946,6122
0.339,0.8310490247759621,0.7306819538994387,0.8655913978494624,0.7924357230749304,0.9276296056542503,9647,2255,950,6118
0.34,0.8312071692145493,0.7309990439770554,0.8654499151103565,0.7925628401140192,0.9276296056542503,9651,2251,951,6117
0.341,0.8311017395888245,0.7311557788944724,0.8646010186757216,0.7922987164527421,0.9276296056542503,9655,2247,957,6111
0.342,0.8315234580917238,0.7319118351701006,0.8644595359366157,0.7926829268292683,0.9276296056542503,9664,2238,958,6110
0.343,0.8318397469688983,0.7324940047961631,0.8643180531975099,0.7929646936656283,0.9276296056542503,9671,2231,959,6109
0.344,0.8318397469688983,0.7326613870890328,0.8638936049801924,0.792884041033632,0.9276296056542503,9674,2228,962,6106
0.345,0.831681602530311,0.7327327327327328,0.8630447085455575,0.7925680504125252,0.9276296056542503,9677,2225,968,6100
0.346,0.8319978914074855,0.733317301911747,0.8629032258064516,0.7928501787455313,0.9276296056542503,9684,2218,969,6099
0.347,0.8319451765946231,0.7336223506743738,0.8619128466327108,0.7926099401509238,0.9276296056542503,9690,2212,976,6092
0.348,0.8321033210332104,0.7340002410509823,0.8616298811544991,0.7927107061503417,0.9276296056542503,9695,2207,978,6090
0.349,0.8324196099103848,0.7346446241100519,0.8613469156762875,0.79296646043634,0.9276296056542503,9703,2199,980,6088
0.35,0.8331049024775962,0.7358558994197292,0.8612054329371817,0.7936114732724903,0.9276296056542503,9717,2185,981,6087
0.351,0.8331049024775962,0.7361985472154964,0.8603565365025467,0.7934498956158664,0.9276296056542503,9723,2179,987,6081
0.352,0.8331576172904587,0.7365167858441402,0.8597906055461234,0.7933938246621842,0.9276296056542503,9728,2174,991,6077
0.353,0.8333684765419083,0.736931473620376,0.8596491228070176,0.7935740873767387,0.9276296056542503,9733,2169,992,6076
0.354,0.8333157617290459,0.7372448979591837,0.8586587436332768,0.7933333333333333,0.9276296056542503,9739,2163,999,6069
0.355,0.8334739061676331,0.7377447999026883,0.8580928126768534,0.7933808620576885,0.9276296056542503,9746,2156,1003,6065
0.356,0.833579335793358,0.7381561320180245,0.8575268817204301,0.7933765298776098,0.9276296056542503,9752,2150,1007,6061
0.357,0.8337901950448076,0.7386904036093159,0.8571024335031127,0.7935031763704238,0.9276296056542503,9759,2143,1010,6058
0.358,0.8340010542962573,0.7391092129347163,0.8569609507640068,0.7936840725938544,0.9276296056542503,9764,2138,1011,6057
0.359,0.8342119135477069,0.7396456933414783,0.8565365025466893,0.7938110535632334,0.9276296056542503,9771,2131,1014,6054
0.36,0.8343173431734318,0.7400611620795107,0.855970571590266,0.7938069933740077,0.9276296056542503,9777,2125,1018,6050
0.361,0.8343173431734318,0.7404729812522975,0.8549801924165252,0.7936174404097446,0.9276296056542503,9784,2118,1025,6043
0.362,0.8346863468634687,0.7411678115799804,0.8548387096774194,0.7939553219448094,0.9276296056542503,9792,2110,1026,6042
0.363,0.8345809172377439,0.7413411938098747,0.8539898132427843,0.7936883629191321,0.9276296056542503,9796,2106,1032,6036
0.364,0.8347917764891934,0.7419434194341944,0.853423882286361,0.7937886564021582,0.9276296056542503,9804,2098,1036,6032
0.365,0.8350553505535055,0.7424596823833559,0.8532823995472553,0.7940227766440656,0.9276296056542503,9810,2092,1037,6031
0.366,0.8351607801792303,0.7428817946505608,0.8527164685908319,0.794018839338647,0.9276296056542503,9816,2086,1041,6027
0.367,0.83537163943068,0.743368291178285,0.8524335031126202,0.7941738614644435,0.9276296056542503,9822,2080,1043,6025
0.368,0.8355297838692672,0.7436435448037522,0.8524335031126202,0.7943309162821358,0.9276296056542503,9825,2077,1043,6025
0.369,0.8358460727464417,0.7443757725587145,0.8520090548953028,0.7945639266393983,0.9276296056542503,9834,2068,1046,6022
0.37,0.8360569319978914,0.7449257425742575,0.8515846066779853,0.7946923686295221,0.9276296056542503,9841,2061,1049,6019
0.371,0.8364259356879283,0.7455716586151369,0.8515846066779853,0.795059771481408,0.9276296056542503,9848,2054,1049,6019
0.372,0.8367422245651028,0.7462482946793997,0.8513016411997736,0.7953208644504659,0.9276296056542503,9856,2046,1051,6017
0.373,0.8367949393779652,0.7465855475540104,0.8507357102433503,0.7952651765639466,0.9276296056542503,9861,2041,1055,6013
0.374,0.8371639430680021,0.7472349944078539,0.8507357102433503,0.7956334766787959,0.9276296056542503,9868,2034,1055,6013
0.375,0.8372693726937269,0.7475438378311156,0.8504527447651387,0.7956846912436296,0.9276296056542503,9872,2030,1057,6011
0.376,0.8375856615709014,0.7482874579648773,0.8500282965478212,0.7959197191494999,0.9276296056542503,9881,2021,1060,6008
0.377,0.8377965208223511,0.7487844408427877,0.8497453310696095,0.7960766121015309,0.9276296056542503,9887,2015,1062,6006
0.378,0.8380600948866631,0.749438202247191,0.849320882852292,0.7962594508555512,0.9276296056542503,9895,2007,1065,6003
0.379,0.8382709541381128,0.7500625156289072,0.8487549518958687,0.7963626709146422,0.9276296056542503,9903,1999,1069,5999
0.38,0.8386926726410121,0.751002004008016,0.8483305036785512,0.7967047568429445,0.9276296056542503,9914,1988,1072,5996
0.381,0.8390089615181866,0.751629889669007,0.8481890209394454,0.7969954799255518,0.9276296056542503,9921,1981,1073,5995
0.382,0.8392725355824987,0.7522912743251726,0.8477645727221279,0.7971795383489656,0.9276296056542503,9929,1973,1076,5992
0.383,0.8394306800210859,0.752828765401056,0.8471986417657046,0.797230728265211,0.9276296056542503,9936,1966,1080,5988
0.384,0.8394833948339483,0.753114382785957,0.8467741935483871,0.7972027972027972,0.9276296056542503,9940,1962,1083,5985
0.385,0.8396415392725356,0.7534626038781164,0.8466327108092813,0.7973351099267155,0.9276296056542503,9944,1958,1084,5984
0.386,0.8397996837111228,0.7538112637016505,0.8464912280701754,0.7974675108297234,0.9276296056542503,9948,1954,1085,5983
0.387,0.8397996837111228,0.7540673477109345,0.8459252971137521,0.7973594718943788,0.9276296056542503,9952,1950,1089,5979
0.388,0.8399578281497101,0.7547384382107657,0.8450764006791172,0.7973568281938326,0.9276296056542503,9961,1941,1095,5973
0.389,0.8401686874011597,0.7551201011378003,0.8450764006791172,0.7975697689945253,0.9276296056542503,9965,1937,1095,5973
0.39,0.8400105429625725,0.7552208581192255,0.8442275042444821,0.7972476451332754,0.9276296056542503,9968,1934,1101,5967
0.391,0.8405376910911966,0.7565680923975123,0.8433786078098472,0.7976182511540777,0.9276296056542503,9984,1918,1107,5961
0.392,0.840959409594096,0.7574679039023771,0.8430956423316356,0.7979912956143288,0.9276296056542503,9994,1908,1109,5959
0.393,0.8409066947812335,0.7576335877862596,0.8425297113752123,0.7978295819935691,0.9276296056542503,9997,1905,1113,5955
0.394,0.840959409594096,0.757992612406063,0.8419637804187889,0.7977746497754541,0.9276296056542503,10002,1900,1117,5951
0.395,0.841222983658408,0.7586734693877552,0.8415393322014714,0.7979608264019319,0.9276296056542503,10010,1892,1120,5948
0.396,0.8411702688455456,0.7587747287811104,0.8411148839841539,0.7978259410856875,0.9276296056542503,10012,1890,1123,5945
0.397,0.8411175540326832,0.7592734714760808,0.8398415393322015,0.797527878543598,0.9276296056542503,10020,1882,1132,5936
0.398,0.8411702688455456,0.7596363170700474,0.8392756083757782,0.7974726087248774,0.9276296056542503,10025,1877,1136,5932
0.399,0.8411175540326832,0.7598051781594463,0.8387096774193549,0.7973100201748486,0.9276296056542503,10028,1874,1140,5928
0.4,0.8414338429098577,0.7603899435608004,0.8387096774193549,0.7976318622174381,0.9276296056542503,10034,1868,1140,5928
0.401,0.8414338429098577,0.7607913669064749,0.8378607809847198,0.7974683544303798,0.9276296056542503,10040,1862,1146,5922
0.402,0.8413811280969953,0.7609618104667609,0.8372948500282965,0.7973054900639946,0.9276296056542503,10043,1859,1150,5918
0.403,0.8414338429098577,0.7613285272914521,0.8367289190718732,0.7972499325963872,0.9276296056542503,10048,1854,1154,5914
0.404,0.8418028465998946,0.7622855668773378,0.8361629881154499,0.797517036637204,0.9276296056542503,10059,1843,1158,5910
0.405,0.8420137058513443,0.7630864676231097,0.8353140916808149,0.7975683890577507,0.9276296056542503,10069,1833,1164,5904
0.406,0.8420664206642067,0.7635257571835361,0.8346066779852858,0.7974854670812491,0.9276296056542503,10075,1827,1169,5899
0.407,0.842488139167106,0.76431718061674,0.8346066779852858,0.797916948464764,0.9276296056542503,10083,1819,1169,5899
0.408,0.8426462836056932,0.7648203398624984,0.8341822297679683,0.7979968870542059,0.9276296056542503,10089,1813,1172,5896
0.409,0.8425408539799684,0.7652411282984531,0.8329088851160158,0.7976424361493124,0.9276296056542503,10096,1806,1181,5887
0.41,0.8422772799156563,0.7651574290918554,0.8320599886813809,0.7972075369391352,0.9276296056542503,10097,1805,1187,5881
0.411,0.8423827095413812,0.7655639489450378,0.8316355404640634,0.7972331479723315,0.9276296056542503,10102,1800,1190,5878
0.412,0.8425935687928308,0.7660323253388946,0.8314940577249575,0.7974219810040706,0.9276296056542503,10107,1795,1191,5877
0.413,0.8426462836056932,0.7663405088062623,0.8310696095076401,0.7973936061901853,0.9276296056542503,10111,1791,1194,5874
0.414,0.8426989984185557,0.7667886072641756,0.8303621958121109,0.7973101480777068,0.9276296056542503,10117,1785,1199,5869
0.415,0.8425408539799684,0.7669763181996598,0.8293718166383701,0.7969546597783971,0.9276296056542503,10121,1781,1206,5862
0.416,0.842488139167106,0.7673656618610747,0.8283814374646293,0.7967070349707444,0.9276296056542503,10127,1775,1213,5855
0.417,0.8423827095413812,0.7675150879034374,0.8276740237691002,0.7964601769911505,0.9276296056542503,10130,1772,1218,5850
0.418,0.8425935687928308,0.7681292695743562,0.8272495755517827,0.7965940054495912,0.9276296056542503,10137,1765,1221,5847
0.419,0.8428571428571429,0.7687047994740303,0.8271080928126768,0.7968377291624071,0.9276296056542503,10143,1759,1222,5846
0.42,0.843120716921455,0.7697073556551542,0.826117713638936,0.7969155179473182,0.9276296056542503,10155,1747,1229,5839
0.421,0.8432261465471798,0.7701953537486801,0.8255517826825127,0.796913411636165,0.9276296056542503,10161,1741,1233,5835
0.422,0.8434370057986295,0.7708168120539255,0.8251273344651953,0.7970479704797048,0.9276296056542503,10168,1734,1236,5832
0.423,0.8434897206114919,0.771277299801456,0.8244199207696661,0.7969636873418587,0.9276296056542503,10174,1728,1241,5827
0.424,0.8435424354243543,0.7716671084018023,0.8238539898132428,0.7969070754071438,0.9276296056542503,10179,1723,1245,5823
0.425,0.8438587243015288,0.7724256900212314,0.8235710243350312,0.7971788551081895,0.9276296056542503,10187,1715,1247,5821
0.426,0.843753294675804,0.7727272727272727,0.8225806451612904,0.796875,0.9276296056542503,10192,1710,1254,5814
0.427,0.8438587243015288,0.7732233164759116,0.822014714204867,0.7968728569469209,0.9276296056542503,10198,1704,1258,5810
0.428,0.8442277279915656,0.7741634448740168,0.8215902659875495,0.7971720776992244,0.9276296056542503,10208,1694,1261,5807
0.429,0.8441222983658409,0.7741763372015473,0.821165817770232,0.7969790593889461,0.9276296056542503,10209,1693,1264,5804
0.43,0.8443858724301528,0.7748397435897436,0.8208828522920204,0.79719703215169,0.9276296056542503,10216,1686,1266,5802
0.431,0.8443858724301528,0.7751336898395722,0.8203169213355971,0.7970855100357438,0.9276296056542503,10220,1682,1270,5798
0.432,0.8447021613073273,0.7757559539737757,0.8203169213355971,0.7974143859166553,0.9276296056542503,10226,1676,1270,5798
0.433,0.844913020558777,0.7764674350040204,0.8197509903791738,0.7975223675154852,0.9276296056542503,10234,1668,1274,5794
0.434,0.8450184501845018,0.7769726247987118,0.8191850594227504,0.7975206611570248,0.9276296056542503,10240,1662,1278,5790
0.435,0.8449657353716394,0.7770170492683581,0.8189020939445387,0.7974099331817869,0.9276296056542503,10241,1661,1280,5788
0.436,0.8451765946230891,0.777658287404221,0.8184776457272213,0.7975460122699386,0.9276296056542503,10248,1654,1283,5785
0.437,0.8452820242488139,0.7780169514327997,0.8181946802490097,0.7976001655058271,0.9276296056542503,10252,1650,1285,5783
0.438,0.8454401686874011,0.7784810126582279,0.8179117147707979,0.7977093969918587,0.9276296056542503,10257,1645,1287,5781
0.439,0.8456510279388508,0.779126213592233,0.8174872665534805,0.7978458989229494,0.9276296056542503,10264,1638,1290,5778
0.44,0.8459146020031629,0.7797273586178971,0.8173457838143746,0.7980935276645714,0.9276296056542503,10270,1632,1291,5777
0.441,0.8462308908803374,0.7805867243477085,0.8169213355970572,0.7983408226754234,0.9276296056542503,10279,1623,1294,5774
0.442,0.8463363205060622,0.7811780636425186,0.816213921901528,0.7983117691828686,0.9276296056542503,10286,1616,1299,5769
0.443,0.8462836056931998,0.7817589576547231,0.8149405772495756,0.7980049875311721,0.9276296056542503,10294,1608,1308,5760
0.444,0.8461781760674749,0.7817762085822922,0.8145161290322581,0.7978104212860311,0.9276296056542503,10295,1607,1311,5757
0.445,0.8462836056931998,0.7822185970636215,0.8140916808149405,0.7978369384359401,0.9276296056542503,10300,1602,1314,5754
0.446,0.846441750131787,0.7826146102571079,0.8139501980758348,0.7979748942367709,0.9276296056542503,10304,1598,1315,5753
0.447,0.8465471797575118,0.7832129717945224,0.8132427843803056,0.7979454431873395,0.9276296056542503,10311,1591,1320,5748
0.448,0.8465998945703743,0.7836289222373807,0.8126768534238823,0.7978885956382831,0.9276296056542503,10316,1586,1324,5744
0.449,0.8465998945703743,0.7839388145315488,0.812110922467459,0.797776233495483,0.9276296056542503,10320,1582,1328,5740
0.45,0.8465998945703743,0.7842493847415914,0.8115449915110357,0.7976637463496037,0.9276296056542503,10324,1578,1332,5736
0.451,0.8467580390089615,0.7851171714403179,0.8105546123372949,0.7976331360946746,0.9276296056542503,10334,1568,1339,5729
0.452,0.8467580390089615,0.7855868222374742,0.8097057159026598,0.7974639448198982,0.9276296056542503,10340,1562,1345,5723
0.453,0.8465471797575118,0.7857830331362574,0.8085738539898133,0.7970155498221881,0.9276296056542503,10344,1558,1353,5715
0.454,0.8465998945703743,0.7863636363636364,0.8077249575551783,0.7969011725293133,0.9276296056542503,10351,1551,1359,5709
0.455,0.8467053241960991,0.7868174296745726,0.8073005093378608,0.7969273743016759,0.9276296056542503,10356,1546,1362,5706
0.456,0.8467053241960991,0.7870549268561965,0.8068760611205433,0.7968422523403661,0.9276296056542503,10359,1543,1365,5703
0.457,0.8467053241960991,0.7878494326044838,0.805461233729485,0.79655799636211,0.9276296056542503,10369,1533,1375,5693
0.458,0.8466526093832367,0.7880592879900263,0.8048953027730616,0.7963883250507454,0.9276296056542503,10372,1530,1379,5689
0.459,0.8465998945703743,0.7883495145631068,0.8041878890775326,0.7961899425689872,0.9276296056542503,10376,1526,1384,5684
0.46,0.8468107538218239,0.7890277777777778,0.803763440860215,0.796327446033081,0.9276296056542503,10383,1519,1387,5681
0.461,0.8468107538218239,0.7892688351403948,0.8033389926428975,0.7962417613237975,0.9276296056542503,10386,1516,1390,5678
0.462,0.8465998945703743,0.7893930957683741,0.8023486134691568,0.7958181307886613,0.9276296056542503,10389,1513,1397,5671
0.463,0.8460200316288877,0.7893121250174411,0.8003678551216752,0.794801545486477,0.9276296056542503,10392,1510,1411,5657
0.464,0.8462308908803374,0.7899958082995668,0.7999434069043577,0.7949384885764499,0.9276296056542503,10399,1503,1414,5654
0.465,0.8463363205060622,0.790460204224367,0.7995189586870401,0.7949637757614124,0.9276296056542503,10404,1498,1417,5651
0.466,0.846441750131787,0.7909256406665733,0.7990945104697227,0.7949890914209304,0.9276296056542503,10409,1493,1420,5648
0.467,0.846441750131787,0.7913336137989062,0.7983870967741935,0.7948447073737587,0.9276296056542503,10414,1488,1425,5643
0.468,0.8461781760674749,0.7912689500280741,0.7975382003395586,0.794391206313416,0.9276296056542503,10415,1487,1431,5637
0.469,0.8465998945703743,0.7925696594427245,0.7968307866440294,0.7946945110766191,0.9276296056542503,10428,1474,1436,5632
0.47,0.8465998945703743,0.7928994082840237,0.7962648556876061,0.7945785684032189,0.9276296056542503,10432,1470,1440,5628
0.471,0.8466526093832367,0.7933417971505149,0.7956989247311828,0.7945186127004309,0.9276296056542503,10437,1465,1444,5624
0.472,0.8468107538218239,0.7940096072336819,0.7951329937747594,0.7945709034356002,0.9276296056542503,10444,1458,1448,5620
0.473,0.8466526093832367,0.7940053725434751,0.7945670628183361,0.7942861183791811,0.9276296056542503,10445,1457,1452,5616
0.474,0.8467580390089615,0.7943964907315693,0.7942840973401245,0.7943402900601344,0.9276296056542503,10449,1453,1454,5614
0.475,0.8469161834475487,0.7951516869861072,0.7935766836445953,0.7943634046169098,0.9276296056542503,10457,1445,1459,5609
0.476,0.8471270426989984,0.7957706500141924,0.7932937181663837,0.7945302536488593,0.9276296056542503,10463,1439,1461,5607
0.477,0.8471797575118608,0.7962199801051585,0.7927277872099604,0.7944700460829494,0.9276296056542503,10468,1434,1465,5603
0.478,0.8472324723247232,0.796923953289661,0.7917374080362196,0.7943222143364088,0.9276296056542503,10476,1426,1472,5596
0.479,0.8472851871375857,0.7973763011549979,0.7911714770797963,0.794261771181024,0.9276296056542503,10481,1421,1476,5592
0.48,0.8477596204533474,0.7984861468151957,0.7910299943406904,0.7947405828002843,0.9276296056542503,10491,1411,1477,5591
0.481,0.847970479704797,0.7991990846681922,0.790605546123373,0.7948790896159317,0.9276296056542503,10498,1404,1480,5588
0.482,0.8481813389562467,0.7998281786941581,0.7903225806451613,0.7950469684030743,0.9276296056542503,10504,1398,1482,5586
0.483,0.8481286241433843,0.8000573312311882,0.7897566496887379,0.794873620505518,0.9276296056542503,10507,1395,1486,5582
0.484,0.847706905640485,0.7999138797186738,0.7884833050367855,0.7941574634841467,0.9276296056542503,10508,1394,1495,5573
0.485,0.8479177648919346,0.8007189072609633,0.7879173740803622,0.7942665620765884,0.9276296056542503,10516,1386,1499,5569
0.486,0.8480759093305219,0.801237766263673,0.7876344086021505,0.7943778538812786,0.9276296056542503,10521,1381,1501,5567
0.487,0.8481813389562467,0.8016421780466725,0.7873514431239389,0.7944325481798715,0.9276296056542503,10525,1377,1503,5565
0.488,0.8482340537691091,0.8020187454938716,0.7869269949066214,0.7944011997429122,0.9276296056542503,10529,1373,1506,5562
0.489,0.8481813389562467,0.8022517321016166,0.7863610639501981,0.794226921977708,0.9276296056542503,10532,1370,1510,5558
0.49,0.8480759093305219,0.8027191206248192,0.7852292020373515,0.793877842940924,0.9276296056542503,10538,1364,1518,5550
0.491,0.8483394833948339,0.8035636679704476,0.784804753820034,0.7940734378355164,0.9276296056542503,10546,1356,1521,5547
0.492,0.8484449130205588,0.8040609137055837,0.7843803056027164,0.7940986893933968,0.9276296056542503,10551,1351,1524,5544
0.493,0.8483394833948339,0.8042689124437346,0.7836728919071874,0.7938373342887853,0.9276296056542503,10554,1348,1529,5539
0.494,0.8483921982076964,0.8047397499273045,0.783106960950764,0.7937759931163058,0.9276296056542503,10559,1343,1533,5535
0.495,0.8483394833948339,0.8049774414204628,0.7825410299943407,0.7936006887151159,0.9276296056542503,10562,1340,1537,5531
0.496,0.8484449130205588,0.8056568012829859,0.7818336162988115,0.7935664536511812,0.9276296056542503,10569,1333,1542,5526
0.497,0.8482867685819715,0.805928738317757,0.7808432371250708,0.793187697614257,0.9276296056542503,10573,1329,1549,5519
0.498,0.8482867685819715,0.8064657694558222,0.7799943406904357,0.7930092059838896,0.9276296056542503,10579,1323,1555,5513
0.499,0.8482867685819715,0.8065554580040971,0.77985285795133,0.7929794274205151,0.9276296056542503,10580,1322,1556,5512
0.5,0.8483394833948339,0.8069430203603339,0.7794284097340124,0.7929471032745592,0.9276296056542503,10584,1318,1559,5509
0.501,0.8483394833948339,0.8075737560546015,0.7784380305602716,0.7927382753403933,0.9276296056542503,10591,1311,1566,5502
0.502,0.8487084870848709,0.8084950029394474,0.7782965478211659,0.7931084198385236,0.9276296056542503,10599,1303,1567,5501
0.503,0.8483921982076964,0.8085075066234914,0.7771646859083192,0.792526330976771,0.9276296056542503,10601,1301,1575,5493
0.504,0.8481813389562467,0.8086674528301887,0.7761743067345784,0.792087785157378,0.9276296056542503,10604,1298,1582,5486
0.505,0.8483921982076964,0.8094183643342191,0.7757498585172609,0.7922265568559457,0.9276296056542503,10611,1291,1585,5483
0.506,0.8485503426462836,0.8101434274730149,0.7751839275608375,0.7922782156026318,0.9276296056542503,10618,1284,1589,5479
0.507,0.8484976278334212,0.8102989050014797,0.7747594793435201,0.7921307681180385,0.9276296056542503,10620,1282,1592,5476
0.508,0.8483394833948339,0.8103984594874833,0.7740520656479909,0.7918083797669875,0.9276296056542503,10622,1280,1597,5471
0.509,0.8484449130205588,0.8108228317272054,0.7737691001697793,0.7918627380004344,0.9276296056542503,10626,1276,1599,5469
0.51,0.8484449130205588,0.8112843355605048,0.7730616864742501,0.7917119466782584,0.9276296056542503,10631,1271,1604,5464
0.511,0.8487612018977333,0.8121933085501859,0.7727787209960385,0.7919959399695498,0.9276296056542503,10639,1263,1606,5462
0.512,0.8484976278334212,0.8124255065554231,0.771505376344086,0.7914368650217707,0.9276296056542503,10643,1259,1615,5453
0.513,0.8485503426462836,0.8128262490678598,0.7710809281267685,0.7914034705583388,0.9276296056542503,10647,1255,1618,5450
0.514,0.8483921982076964,0.8131162234837168,0.7700905489530278,0.7910187472751053,0.9276296056542503,10651,1251,1625,5443
0.515,0.8482867685819715,0.8132476076555024,0.7695246179966044,0.7907822041291073,0.9276296056542503,10653,1249,1629,5439
0.516,0.8481286241433843,0.8135390145274825,0.7685342388228636,0.7903965078210258,0.9276296056542503,10657,1245,1636,5432
0.517,0.847970479704797,0.8135491606714629,0.7679683078664403,0.7901018922852984,0.9276296056542503,10658,1244,1640,5428
0.518,0.8480759093305219,0.813981398139814,0.7676853423882286,0.7901558176787534,0.9276296056542503,10662,1240,1642,5426
0.519,0.847970479704797,0.8143028846153846,0.7668364459535937,0.7898571844943165,0.9276296056542503,10666,1236,1648,5420
0.52,0.8481813389562467,0.8149819494584838,0.766553480475382,0.7900262467191601,0.9276296056542503,10672,1230,1650,5418
0.521,0.847970479704797,0.8152501506931886,0.7654216185625353,0.7895504962054875,0.9276296056542503,10676,1226,1658,5410
0.522,0.8478123352662098,0.8154519390372718,0.7645727221279004,0.789193136181088,0.9276296056542503,10679,1223,1664,5404
0.523,0.8477596204533474,0.8157099697885196,0.7640067911714771,0.7890122735242548,0.9276296056542503,10682,1220,1668,5400
0.524,0.847970479704797,0.8167777104784979,0.7631578947368421,0.7890579286132241,0.9276296056542503,10692,1210,1674,5394
0.525,0.8480759093305219,0.8172173385874507,0.7628749292586304,0.789111663983609,0.9276296056542503,10696,1206,1676,5392
0.526,0.8480759093305219,0.8178918590522479,0.7618845500848896,0.7888953999414006,0.9276296056542503,10703,1199,1683,5385
0.527,0.8481813389562467,0.8183338400729705,0.761601584606678,0.7889491426058919,0.9276296056542503,10707,1195,1685,5383
0.528,0.8481286241433843,0.8185968650129356,0.7610356536502547,0.7887675049490431,0.9276296056542503,10710,1192,1689,5379
0.529,0.847706905640485,0.8183757428005485,0.7599037917374081,0.7880566356100066,0.9276296056542503,10710,1192,1697,5371
0.53,0.8478123352662098,0.819111586017402,0.7591963780418789,0.7880167413172773,0.9276296056542503,10717,1185,1702,5366
0.531,0.8474433315761729,0.8192107678189049,0.7577815506508206,0.7872997207114508,0.9276296056542503,10720,1182,1712,5356
0.532,0.8474960463890353,0.8195316087555488,0.7574985851726089,0.7872950518344239,0.9276296056542503,10723,1179,1714,5354
0.533,0.8474960463890353,0.8202178248197576,0.7565082059988681,0.7870758813571797,0.9276296056542503,10730,1172,1721,5347
0.534,0.847706905640485,0.8212144504227518,0.755800792303339,0.7871509614676195,0.9276296056542503,10739,1163,1726,5342
0.535,0.8478123352662098,0.8216648715186952,0.7555178268251274,0.7872042455959313,0.9276296056542503,10743,1159,1728,5340
0.536,0.847706905640485,0.8219072562008936,0.7548104131295982,0.7869311896157534,0.9276296056542503,10746,1156,1733,5335
0.537,0.8476541908276226,0.8221776681061074,0.7542444821731749,0.7867473435655253,0.9276296056542503,10749,1153,1737,5331
0.538,0.8476541908276226,0.8225756639901174,0.7536785512167515,0.7866213821618429,0.9276296056542503,10753,1149,1741,5327
0.539,0.8476014760147601,0.823047177107502,0.7528296547821166,0.7863740486218872,0.9276296056542503,10758,1144,1747,5321
0.54,0.847970479704797,0.8239393000929081,0.7528296547821166,0.7867810143427473,0.9276296056542503,10765,1137,1747,5321
0.541,0.8479177648919346,0.8240123934934159,0.7525466893039049,0.7866597648450787,0.9276296056542503,10766,1136,1749,5319
0.542,0.8479177648919346,0.8245151280062064,0.7518392756083758,0.7865018870717088,0.9276296056542503,10771,1131,1754,5314
0.543,0.8478123352662098,0.8248640248640249,0.7509903791737408,0.7861956602236541,0.9276296056542503,10775,1127,1760,5308
0.544,0.8476014760147601,0.8249572117628754,0.7501414827391059,0.7857725083364209,0.9276296056542503,10777,1125,1766,5302
0.545,0.8478650500790722,0.8258024306637581,0.7498585172608941,0.7860002966038855,0.9276296056542503,10784,1118,1768,5300
0.546,0.8480231945176595,0.826290347731171,0.7497170345217884,0.7861434611675692,0.9276296056542503,10788,1114,1769,5299
0.547,0.8480759093305219,0.8269290846610434,0.7490096208262592,0.7860430586488493,0.9276296056542503,10794,1108,1774,5294
0.548,0.8478650500790722,0.8273324984345648,0.7477362761743067,0.7855231866825209,0.9276296056542503,10799,1103,1783,5285
0.549,0.8479177648919346,0.8277699420153581,0.7473118279569892,0.7854859097330656,0.9276296056542503,10803,1099,1786,5282
0.55,0.8480231945176595,0.8283383022124589,0.7468873797396718,0.7855070307268804,0.9276296056542503,10808,1094,1789,5279
0.551,0.8481286241433843,0.8289080911233307,0.7464629315223543,0.7855281768778382,0.9276296056542503,10813,1089,1792,5276
0.552,0.8480759093305219,0.8297101449275363,0.7451895868704018,0.7851818723911748,0.9276296056542503,10821,1081,1801,5267
0.553,0.8481813389562467,0.8302839116719243,0.7447651386530844,0.7852028639618138,0.9276296056542503,10826,1076,1804,5264
0.554,0.8482340537691091,0.8307279330491079,0.7443406904357668,0.7851652861726737,0.9276296056542503,10830,1072,1807,5261
0.555,0.8486557722720084,0.8324093141137335,0.7434917940011319,0.7854420446902324,0.9276296056542503,10844,1058,1813,5255
0.556,0.8488139167105957,0.8331218274111675,0.7430673457838144,0.7855219862399043,0.9276296056542503,10850,1052,1816,5252
0.557,0.8487084870848709,0.833704292527822,0.7419354838709677,0.7851474771672406,0.9276296056542503,10856,1046,1824,5244
0.558,0.8488666315234581,0.8343148177622155,0.741652518392756,0.7852595311212643,0.9276296056542503,10861,1041,1826,5242
0.559,0.8491829204006326,0.835219123505976,0.7415110356536503,0.7855804541707262,0.9276296056542503,10868,1034,1827,5241
0.56,0.8490774907749078,0.8355945730247406,0.7406621392190152,0.7852696317407936,0.9276296056542503,10872,1030,1833,5235
0.561,0.8490247759620453,0.8361048928685642,0.7398132427843803,0.7850172646749737,0.9276296056542503,10877,1025,1839,5229
0.562,0.8490774907749078,0.8371011704345037,0.7386813808715337,0.7848177376925968,0.9276296056542503,10886,1016,1847,5221
0.563,0.8491829204006326,0.8374779399967913,0.7385398981324278,0.784903390722502,0.9276296056542503,10889,1013,1848,5220
0.564,0.8491829204006326,0.8380202474690663,0.7378324844368988,0.7847415544353322,0.9276296056542503,10894,1008,1853,5215
0.565,0.8489720611491829,0.8382423949782714,0.7368421052631579,0.7842782922972668,0.9276296056542503,10897,1005,1860,5208
0.566,0.8493937796520822,0.8397611747619816,0.7362761743067345,0.7846211835657746,0.9276296056542503,10909,993,1864,5204
0.567,0.8493937796520822,0.8398708635996771,0.7361346915676288,0.7845887054210963,0.9276296056542503,10910,992,1865,5203
0.568,0.8493410648392198,0.8402845134173941,0.7354272778720996,0.7843669835521352,0.9276296056542503,10914,988,1870,5198
0.569,0.8494464944649447,0.8411078717201166,0.7347198641765704,0.784322609877662,0.9276296056542503,10921,981,1875,5193
0.57,0.8499209277807064,0.8426692644909888,0.734295415959253,0.7847584486278067,0.9276296056542503,10933,969,1878,5190
0.571,0.8497627833421192,0.8429268292682927,0.733446519524618,0.784384929641398,0.9276296056542503,10936,966,1884,5184
0.572,0.8494992092778071,0.8432458856118624,0.7321731748726655,0.7837940174176449,0.9276296056542503,10940,962,1893,5175
0.573,0.8497100685292567,0.843795858470569,0.7321731748726655,0.7840315127641845,0.9276296056542503,10944,958,1893,5175
0.574,0.8499736425935688,0.8449346405228758,0.7316072439162422,0.7841977555353351,0.9276296056542503,10953,949,1897,5171
0.575,0.8500263574064312,0.8455244640811651,0.7310413129598189,0.7841262614765916,0.9276296056542503,10958,944,1901,5167
0.576,0.8499736425935688,0.8458387942332897,0.7304753820033956,0.7839356210142727,0.9276296056542503,10961,941,1905,5163
0.577,0.8498154981549816,0.8463306517813167,0.7293435200905489,0.783494186488335,0.9276296056542503,10966,936,1913,5155
0.578,0.849868212967844,0.8468113083497699,0.7289190718732315,0.7834549878345499,0.9276296056542503,10970,932,1916,5152
0.579,0.8501845018450185,0.8479907773386034,0.728494623655914,0.7837138508371385,0.9276296056542503,10979,923,1919,5149
0.58,0.8499736425935688,0.8481200527704486,0.727645727221279,0.7832774901005178,0.9276296056542503,10981,921,1925,5143
0.581,0.849868212967844,0.8484147952443857,0.7269383135257499,0.7829929899420909,0.9276296056542503,10984,918,1930,5138
0.582,0.8497627833421192,0.848941098610192,0.7259479343520091,0.7826418547895058,0.9276296056542503,10989,913,1937,5131
0.583,0.8496573537163943,0.8492379058979457,0.7252405206564799,0.7823565323565324,0.9276296056542503,10992,910,1942,5126
0.584,0.8496573537163943,0.8495854063018242,0.7248160724391625,0.7822568331042907,0.9276296056542503,10995,907,1945,5123
0.585,0.8496573537163943,0.850049817336433,0.7242501414827391,0.7821237585943468,0.9276296056542503,10999,903,1949,5119
0.586,0.8497100685292567,0.8505403158769742,0.7238256932654216,0.7820836199648399,0.9276296056542503,11003,899,1952,5116
0.587,0.8497100685292567,0.8511240632805995,0.7231182795698925,0.7819169280195823,0.9276296056542503,11008,894,1957,5111
0.588,0.8493937796520822,0.851326547638912,0.72184493491794,0.7812571778577444,0.9276296056542503,11011,891,1966,5102
0.589,0.8496573537163943,0.8523905048478769,0.7214204867006225,0.781455938697318,0.9276296056542503,11019,883,1969,5099
0.59,0.8495519240906695,0.8525769745649264,0.7208545557441992,0.7812020852499233,0.9276296056542503,11021,881,1973,5095
0.591,0.8494992092778071,0.8529066845367733,0.7202886247877759,0.7810079005906266,0.9276296056542503,11024,878,1977,5091
0.592,0.8493410648392198,0.8530694397853069,0.7195812110922467,0.7806600153491942,0.9276296056542503,11026,876,1982,5086
0.593,0.849235635213495,0.8533758817601612,0.7188737973967176,0.7803716786975887,0.9276296056542503,11029,873,1987,5081
0.594,0.8490774907749078,0.8538966503955563,0.717741935483871,0.7799215927434853,0.9276296056542503,11034,868,1995,5073
0.595,0.8489720611491829,0.8544442570416596,0.7167515563101302,0.7795645148880511,0.9276296056542503,11039,863,2002,5066
0.596,0.8490247759620453,0.855187563366002,0.716044142614601,0.779454797474203,0.9276296056542503,11045,857,2007,5061
0.597,0.8488666315234581,0.8557154953429297,0.7149122807017544,0.7790025437447006,0.9276296056542503,11050,852,2015,5053
0.598,0.8488666315234581,0.8560773012374979,0.7144878324844369,0.7789002853397085,0.9276296056542503,11053,849,2018,5050
0.599,0.8487084870848709,0.8567301155676411,0.7132144878324844,0.7784126003705991,0.9276296056542503,11059,843,2027,5041
0.6,0.8487084870848709,0.857215793056501,0.7126485568760611,0.7782756489493201,0.9276296056542503,11063,839,2031,5037
0.601,0.8483921982076964,0.8579234972677595,0.7108092812676854,0.7774682760755184,0.9276296056542503,11070,832,2044,5024
0.602,0.8483394833948339,0.8587570621468926,0.7096774193548387,0.7771322333255868,0.9276296056542503,11077,825,2052,5016
0.603,0.8481286241433843,0.8590293260161207,0.708687040181098,0.7766493526629972,0.9276296056542503,11080,822,2059,5009
0.604,0.847970479704797,0.8592032967032966,0.7079796264855688,0.7762953769779708,0.9276296056542503,11082,820,2064,5004
0.605,0.8478123352662098,0.8596249784964735,0.706989247311828,0.7758714385529074,0.9276296056542503,11086,816,2071,4997
0.606,0.8479177648919346,0.8604170256763742,0.7064233163554047,0.775852692098516,0.9276296056542503,11092,810,2075,4993
0.607,0.8477596204533474,0.8609671848013817,0.705291454442558,0.7753927515943382,0.9276296056542503,11097,805,2083,4985
0.608,0.8478650500790722,0.8615145228215768,0.7050084889643463,0.7754435107376284,0.9276296056542503,11101,801,2085,4983
0.609,0.8475487612018977,0.8614958448753463,0.7040181097906055,0.7748364995328558,0.9276296056542503,11102,800,2092,4976
0.61,0.8474960463890353,0.8618478072456232,0.7034521788341822,0.7746358183376179,0.9276296056542503,11105,797,2096,4972
0.611,0.8472851871375857,0.8621288418128147,0.7024617996604414,0.7741482809698292,0.9276296056542503,11108,794,2103,4965
0.612,0.8471270426989984,0.8623087621696801,0.7017543859649122,0.7737909516380655,0.9276296056542503,11110,792,2108,4960
0.613,0.8469161834475487,0.8624651810584958,0.7009054895302773,0.7733374960974086,0.9276296056542503,11112,790,2114,4954
0.614,0.8466526093832367,0.8625980819529206,0.6999151103565365,0.772787627899711,0.9276296056542503,11114,788,2121,4947
0.615,0.8465998945703743,0.8632075471698113,0.6990662139219015,0.7725140712945591,0.9276296056542503,11119,783,2127,4941
0.616,0.846441750131787,0.8636443199719936,0.6980758347481607,0.772083561536656,0.9276296056542503,11123,779,2134,4934
0.617,0.8467580390089615,0.8650640463239164,0.6975099037917374,0.7723035952063915,0.9276296056542503,11133,769,2138,4930
0.618,0.8466526093832367,0.8654015111579687,0.6968024900962083,0.7720040755545106,0.9276296056542503,11136,766,2143,4925
0.619,0.8467053241960991,0.8658107632782273,0.6965195246179966,0.7719931002038576,0.9276296056542503,11139,763,2145,4923
0.62,0.8468107538218239,0.8665022895385699,0.6960950764006791,0.7720069041267849,0.9276296056542503,11144,758,2148,4920
0.621,0.8468634686346863,0.867042849585611,0.6956706281833617,0.7719601224585917,0.9276296056542503,11148,754,2151,4917
0.622,0.8465998945703743,0.8671847403744259,0.6946802490096208,0.7714061272584446,0.9276296056542503,11150,752,2158,4910
0.623,0.8468107538218239,0.8681882519462137,0.6942558007923033,0.7715408805031446,0.9276296056542503,11157,745,2161,4907
0.624,0.8469688982604112,0.8693030679198439,0.6935483870967742,0.7715432438813252,0.9276296056542503,11165,737,2166,4902
0.625,0.8465998945703743,0.8695343050124422,0.6921335597057159,0.7707578383488262,0.9276296056542503,11168,734,2176,4892
0.626,0.8463890353189246,0.8699679372996081,0.6910016977928692,0.7702255164800504,0.9276296056542503,11172,730,2184,4884
0.627,0.8464944649446494,0.8708065667380442,0.6904357668364459,0.7702020202020202,0.9276296056542503,11178,724,2188,4880
0.628,0.8463363205060622,0.8708697981782462,0.6898698358800226,0.7698744769874477,0.9276296056542503,11179,723,2192,4876
0.629,0.8460727464417501,0.8711524695776665,0.688737973967176,0.7692793931731985,0.9276296056542503,11182,720,2200,4868
0.63,0.8460200316288877,0.8715283999283282,0.6881720430107527,0.7690726539647403,0.9276296056542503,11185,717,2204,4864
0.631,0.8462308908803374,0.8725542990486448,0.6877475947934352,0.769206424558905,0.9276296056542503,11192,710,2207,4861
0.632,0.8462308908803374,0.8732242402445604,0.6870401810979061,0.7690236756671154,0.9276296056542503,11197,705,2212,4856
0.633,0.8460727464417501,0.8731558114429651,0.6866157328805885,0.7687311896087439,0.9276296056542503,11197,705,2215,4853
0.634,0.8460727464417501,0.8738284066330209,0.6859083191850595,0.7685478757133798,0.9276296056542503,11202,700,2220,4848
0.635,0.8457037427517132,0.8740740740740741,0.6844934917940011,0.7677537094342617,0.9276296056542503,11205,697,2230,4838
0.636,0.8457564575645756,0.8751811594202898,0.6835031126202603,0.7675564029234191,0.9276296056542503,11213,689,2237,4831
0.637,0.8454401686874011,0.8753176043557169,0.6823712507074137,0.7668945778343139,0.9276296056542503,11215,687,2245,4823
0.638,0.8454928835002635,0.8760225413561171,0.6818053197509903,0.7668072241228419,0.9276296056542503,11220,682,2249,4819
0.639,0.8452293094359515,0.8760465962868584,0.6809564233163554,0.7662792548957172,0.9276296056542503,11221,681,2255,4813
0.64,0.8449657353716394,0.8763450665693964,0.6798245614035088,0.7656760417496614,0.9276296056542503,11224,678,2263,4805
0.641,0.8446494464944649,0.876759919546535,0.6784097340124505,0.7649357900614182,0.9276296056542503,11228,674,2273,4795
0.642,0.8443858724301528,0.8767850604174295,0.6775608375778155,0.7644054269752594,0.9276296056542503,11229,673,2279,4789
0.643,0.8444385872430152,0.8780532598714417,0.6764289756649688,0.764165268121154,0.9276296056542503,11238,664,2287,4781
0.644,0.843753294675804,0.8779005524861878,0.6744482173174873,0.7628420547287565,0.9276296056542503,11239,663,2301,4767
0.645,0.843753294675804,0.8788774002954209,0.6734578381437465,0.762576097404678,0.9276296056542503,11246,656,2308,4760
0.646,0.843647865050079,0.8791127541589648,0.6728919071873232,0.7623016509055939,0.9276296056542503,11248,654,2312,4756
0.647,0.8434370057986295,0.8795850314931456,0.6717600452744765,0.7617519653457404,0.9276296056542503,11252,650,2320,4748
0.648,0.843120716921455,0.8802973977695168,0.6700622524052066,0.7609254498714653,0.9276296056542503,11258,644,2332,4736
0.649,0.8427517132314181,0.880708294501398,0.6685059422750425,0.7600739966218933,0.9276296056542503,11262,640,2343,4725
0.65,0.8425935687928308,0.881637995512341,0.6670911148839842,0.7595038659793815,0.9276296056542503,11269,633,2353,4715
0.651,0.8420664206642067,0.8818454613653414,0.6652518392756084,0.7583870967741936,0.9276296056542503,11272,630,2366,4702
0.652,0.841855561412757,0.882762514113662,0.6636955291454443,0.7577128089161687,0.9276296056542503,11279,623,2377,4691
0.653,0.8416974169741698,0.8837077591089296,0.6622807017543859,0.7571370804690659,0.9276296056542503,11286,616,2387,4681
0.654,0.8413811280969953,0.8841567291311755,0.6608658743633277,0.7563760019431625,0.9276296056542503,11290,612,2397,4671
0.655,0.8411702688455456,0.884797874359461,0.6595925297113752,0.7557753100429602,0.9276296056542503,11295,607,2406,4662
0.656,0.8406958355297839,0.8846007604562738,0.6583191850594228,0.7548669695003245,0.9276296056542503,11295,607,2415,4653
0.657,0.8406431207169215,0.8856053384175405,0.6571873231465761,0.7544871274262974,0.9276296056542503,11302,600,2423,4645
0.658,0.8403795466526094,0.886085626911315,0.6559139784946236,0.7538211382113821,0.9276296056542503,11306,596,2432,4636
0.659,0.8402741170268846,0.886633473764841,0.6550650820599887,0.7534580960130187,0.9276296056542503,11310,592,2438,4630
0.66,0.8401159725882973,0.887310424265694,0.6539332201471421,0.7529526757351145,0.9276296056542503,11315,587,2446,4622
0.661,0.8403795466526094,0.888760585065435,0.6533672891907187,0.7530984996738421,0.9276296056542503,11324,578,2450,4618
0.662,0.840326831839747,0.8899401428847268,0.6520939445387662,0.7526741242753328,0.9276296056542503,11332,570,2459,4609
0.663,0.8400632577754349,0.8901353965183753,0.6511035653650254,0.752083673802909,0.9276296056542503,11334,568,2466,4602
0.664,0.8402214022140222,0.8914097343416715,0.6503961516694963,0.7520654396728016,0.9276296056542503,11342,560,2471,4597
0.665,0.8399051133368477,0.8917395529640427,0.6491228070175439,0.7513305494145582,0.9276296056542503,11345,557,2480,4588
0.666,0.8401686874011597,0.8933723196881092,0.6484153933220147,0.7514346614199049,0.9276296056542503,11355,547,2485,4583
0.667,0.8401686874011597,0.894140625,0.6477079796264855,0.751230718739744,0.9276296056542503,11360,542,2490,4578
0.668,0.8402214022140222,0.8949324985325768,0.6471420486700622,0.7511289925281222,0.9276296056542503,11365,537,2494,4574
0.669,0.8399051133368477,0.8955839057899901,0.6455857385398981,0.7503083120940558,0.9276296056542503,11370,532,2505,4563
0.67,0.8400105429625725,0.8965585054080629,0.6450198075834748,0.7502674236813955,0.9276296056542503,11376,526,2509,4559
0.671,0.8401686874011597,0.8980276134122288,0.6441709111488398,0.7502059647388367,0.9276296056542503,11385,517,2515,4553
0.672,0.8402214022140222,0.8989918956315477,0.6434634974533107,0.7500618454687886,0.9276296056542503,11391,511,2520,4548
0.673,0.8399578281497101,0.8995243757431629,0.6421901528013583,0.7493808816245666,0.9276296056542503,11395,507,2529,4539
0.674,0.8400632577754349,0.9008346581875993,0.6413412563667232,0.7492561983471074,0.9276296056542503,11403,499,2535,4533
0.675,0.8402214022140222,0.9020115514837682,0.6407753254102999,0.7492762015055009,0.9276296056542503,11410,492,2539,4529
0.676,0.8401686874011597,0.9024730753889111,0.6402093944538766,0.7490481708326436,0.9276296056542503,11413,489,2543,4525
0.677,0.8397996837111228,0.9024975024975025,0.63907753254103,0.7482812888263066,0.9276296056542503,11414,488,2551,4517
0.678,0.8396415392725356,0.9029223378702962,0.638228636106395,0.7478448275862069,0.9276296056542503,11417,485,2557,4511
0.679,0.8395361096468108,0.903529883674288,0.6373797396717601,0.7474697195951552,0.9276296056542503,11421,481,2563,4505
0.68,0.8391671059567739,0.904043452021726,0.6358234295415959,0.7465736356840269,0.9276296056542503,11425,477,2574,4494
0.681,0.8388508170795994,0.9045793826911438,0.6344086021505376,0.7457796257796258,0.9276296056542503,11429,473,2584,4484
0.682,0.8387453874538745,0.9053589484327603,0.6334182229767968,0.7453591942062765,0.9276296056542503,11434,468,2591,4477
0.683,0.8382709541381128,0.9053506282934739,0.6320033955857386,0.744375937343776,0.9276296056542503,11435,467,2601,4467
0.684,0.8381128096995256,0.9061166429587483,0.630871533672892,0.7438485278171657,0.9276296056542503,11440,462,2609,4459
0.685,0.8380073800738007,0.9065743944636678,0.6301641199773628,0.7435105583841082,0.9276296056542503,11443,459,2614,4454
0.686,0.8381128096995256,0.9079403959991835,0.6293152235427278,0.7433776217932648,0.9276296056542503,11451,451,2620,4448
0.687,0.8379546652609383,0.9088861588861589,0.6280418788907753,0.7428045515394913,0.9276296056542503,11457,445,2629,4439
0.688,0.8380073800738007,0.9099117586702237,0.6273344651952462,0.7426513692320577,0.9276296056542503,11463,439,2634,4434
0.689,0.837532946758039,0.910082304526749,0.625778155065082,0.7416163648558015,0.9276296056542503,11465,437,2645,4423
0.69,0.8373748023194517,0.9107032377809857,0.6247877758913413,0.7411261223462281,0.9276296056542503,11469,433,2652,4416
0.691,0.8372166578808645,0.9111570247933884,0.6239388794567062,0.7406785354383608,0.9276296056542503,11472,430,2658,4410
0.692,0.8370057986294148,0.9112536201903185,0.6232314657611772,0.7402117291211561,0.9276296056542503,11473,429,2663,4405
0.693,0.8370585134422773,0.9122952519178934,0.622524052065648,0.7400555041628122,0.9276296056542503,11479,423,2668,4400
0.694,0.83690036900369,0.9127544661404238,0.621675155631013,0.7396061269146609,0.9276296056542503,11482,420,2674,4394
0.695,0.8365840801265155,0.913505627344727,0.620118845500849,0.7387493679420192,0.9276296056542503,11487,415,2685,4383
0.696,0.8364259356879283,0.9143155694879833,0.6189869835880023,0.7382097359318316,0.9276296056542503,11492,410,2693,4375
0.697,0.8367422245651028,0.9159857531950555,0.6185625353706847,0.7384511443290263,0.9276296056542503,11501,401,2696,4372
0.698,0.8366895097522404,0.9166666666666666,0.6178551216751557,0.7381676808654496,0.9276296056542503,11505,397,2701,4367
0.699,0.8367949393779652,0.9181052631578948,0.6170062252405206,0.7380267388729057,0.9276296056542503,11513,389,2707,4361
0.7,0.8366367949393779,0.9185825775152922,0.6161573288058857,0.7375730375137607,0.9276296056542503,11516,386,2713,4355
0.701,0.8363205060622034,0.9190103615986467,0.6148839841539332,0.7367974908875138,0.9276296056542503,11519,383,2722,4346
0.702,0.8358460727464417,0.9193890538820535,0.6131861912846632,0.7356985231709388,0.9276296056542503,11522,380,2734,4334
0.703,0.8358460727464417,0.9206382978723404,0.6121958121109224,0.7353840924541128,0.9276296056542503,11529,373,2741,4327
0.704,0.83537163943068,0.920844890121613,0.6106395019807583,0.7343258188005104,0.9276296056542503,11531,371,2752,4316
0.705,0.8350026357406432,0.9214469178082192,0.6090831918505942,0.7333901192504259,0.9276296056542503,11535,367,2763,4305
0.706,0.8348972061149182,0.9221364221364221,0.6082342954159593,0.732992327365729,0.9276296056542503,11539,363,2769,4299
0.707,0.8347917764891934,0.922828890799656,0.6073853989813243,0.7325938566552901,0.9276296056542503,11543,359,2775,4293
0.708,0.8346863468634687,0.9240724762726489,0.6061120543293718,0.7320574162679426,0.9276296056542503,11550,352,2784,4284
0.709,0.8342646283605694,0.9244915620943315,0.6045557441992077,0.7310521813515826,0.9276296056542503,11553,349,2795,4273
0.71,0.8339483394833949,0.924945770065076,0.6032823995472553,0.7302620311697209,0.9276296056542503,11556,346,2804,4264
0.711,0.8336320506062204,0.925402348847325,0.6020090548953028,0.7294702554431682,0.9276296056542503,11559,343,2813,4255
0.712,0.8334739061676331,0.9264673794457778,0.6007357102433503,0.7288644751523474,0.9276296056542503,11565,337,2822,4246
0.713,0.8332103321033211,0.9269466316710411,0.5996038483305037,0.7281786941580756,0.9276296056542503,11568,334,2830,4238
0.714,0.832946758039009,0.9272408503177734,0.5986134691567628,0.7275384747657123,0.9276296056542503,11570,332,2837,4231
0.715,0.8325777543489721,0.9276923076923077,0.5971986417657046,0.7266310896884145,0.9276296056542503,11573,329,2847,4221
0.716,0.8328413284132842,0.929279576999339,0.5967741935483871,0.7268027914189713,0.9276296056542503,11581,321,2850,4218
0.717,0.8330521876647338,0.9312403272164492,0.5959252971137521,0.72677077042533,0.9276296056542503,11591,311,2856,4212
0.718,0.832946758039009,0.9319742964768447,0.5950764006791172,0.7263621448924963,0.9276296056542503,11595,307,2862,4206
0.719,0.8325777543489721,0.9326367274344153,0.593520090548953,0.7254020404634273,0.9276296056542503,11599,303,2873,4195
0.72,0.8322614654717976,0.9327394209354121,0.5925297113752123,0.7246928534348503,0.9276296056542503,11600,302,2880,4188
0.721,0.8319978914074855,0.9338251732617929,0.5909734012450482,0.7238540854345378,0.9276296056542503,11606,296,2891,4177
0.722,0.831681602530311,0.9343196592692221,0.5897000565930957,0.7230462312429525,0.9276296056542503,11609,293,2900,4168
0.723,0.8308908803373748,0.9350766456266907,0.586870401810979,0.7211404728789986,0.9276296056542503,11614,288,2920,4148
0.724,0.8306800210859251,0.9356077722548577,0.5858800226372383,0.7205498520967462,0.9276296056542503,11617,285,2927,4141
0.725,0.8304691618344755,0.936141304347826,0.5848896434634975,0.7199582027168234,0.9276296056542503,11620,282,2934,4134
0.726,0.8299420137058513,0.9371870732817479,0.5826259196378042,0.7185482463793404,0.9276296056542503,11626,276,2950,4118
0.727,0.829520295202952,0.937271897810219,0.5813525749858517,0.71760391198044,0.9276296056542503,11627,275,2959,4109
0.728,0.8292567211386399,0.9382009613183795,0.5799377475947934,0.7167963626825217,0.9276296056542503,11632,270,2969,4099
0.729,0.8292040063257775,0.9389908256880733,0.5792303338992643,0.7164858242912145,0.9276296056542503,11636,266,2974,4094
0.73,0.8290985767000527,0.9397701149425287,0.5783814374646293,0.7160623576808548,0.9276296056542503,11640,262,2980,4088
0.731,0.8289404322614655,0.940336328035015,0.5775325410299943,0.7155754229117364,0.9276296056542503,11643,259,2986,4082
0.732,0.8283605693199789,0.940795559666975,0.5755517826825127,0.714185393258427,0.9276296056542503,11646,256,3000,4068
0.733,0.8281497100685292,0.9413537320352341,0.5745614035087719,0.7135828501142154,0.9276296056542503,11649,253,3007,4061
0.734,0.8279388508170796,0.9415041782729805,0.5738539898132428,0.7130801687763713,0.9276296056542503,11650,252,3012,4056
0.735,0.8278334211913547,0.9418874941887494,0.5732880588568194,0.7127528583992964,0.9276296056542503,11652,250,3016,4052
0.736,0.8278861360042172,0.9425180358389574,0.5730050933786078,0.7127144742630884,0.9276296056542503,11655,247,3018,4050
0.737,0.8277279915656299,0.9430970149253731,0.5721561969439728,0.7122226135963368,0.9276296056542503,11658,244,3024,4044
0.738,0.827358987875593,0.9434182838438158,0.5708828522920204,0.7113265755839577,0.9276296056542503,11660,242,3033,4035
0.739,0.8272535582498682,0.9440149918013586,0.5701754385964912,0.710946458498721,0.9276296056542503,11663,239,3038,4030
0.74,0.8270954138112809,0.9446009389671362,0.5693265421618563,0.71045197740113,0.9276296056542503,11666,236,3044,4024
0.741,0.8269899841855561,0.9456214689265536,0.5683361629881154,0.7099681866383881,0.9276296056542503,11671,231,3051,4017
0.742,0.826462836056932,0.9454931571495989,0.5669213355970572,0.7088271714134088,0.9276296056542503,11671,231,3061,4007
0.743,0.8258829731154455,0.9457731470518589,0.5650820599886813,0.7074661234611638,0.9276296056542503,11673,229,3074,3994
0.744,0.8256193990511334,0.9467680608365019,0.5636672325976231,0.7066335579992905,0.9276296056542503,11678,224,3084,3984
0.745,0.8254085397996838,0.9471428571428572,0.5628183361629882,0.7060702875399361,0.9276296056542503,11680,222,3090,3978
0.746,0.8253031101739589,0.9479713603818616,0.5619694397283531,0.7056315508971398,0.9276296056542503,11684,218,3096,3972
0.747,0.8246705324196099,0.9480363984674329,0.5601301641199774,0.7041977943792245,0.9276296056542503,11685,217,3109,3959
0.748,0.8244596731681603,0.9486317810849736,0.5591397849462365,0.7035784226455403,0.9276296056542503,11688,214,3116,3952
0.749,0.8241433842909858,0.9492055849783342,0.5578664402942841,0.702726786669043,0.9276296056542503,11691,211,3125,3943
0.75,0.8235108065366368,0.9492753623188406,0.5560271646859083,0.7012847965738758,0.9276296056542503,11692,210,3138,3930
0.751,0.8230890880337375,0.9493946731234867,0.5547538200339559,0.7003036256474371,0.9276296056542503,11693,209,3147,3921
0.752,0.8229836584080127,0.9502427184466019,0.5539049235993209,0.6998569896317482,0.9276296056542503,11697,205,3153,3915
0.753,0.8228255139694254,0.9508635368523474,0.5530560271646859,0.6993469898917614,0.9276296056542503,11700,202,3159,3909
0.754,0.8226146547179758,0.9512551791372167,0.5522071307300509,0.6987736102408021,0.9276296056542503,11702,200,3165,3903
0.755,0.8224565102793885,0.9518808011724474,0.551358234295416,0.6982619602221825,0.9276296056542503,11705,197,3171,3897
0.756,0.8219820769636268,0.9517747858017136,0.5500848896434635,0.6972115125975074,0.9276296056542503,11705,197,3180,3888
0.757,0.8220347917764892,0.9528949950932286,0.5495189586870401,0.697056712132089,0.9276296056542503,11710,192,3184,3884
0.758,0.821876647337902,0.95330548046203,0.5488115449915111,0.6965969291550687,0.9276296056542503,11712,190,3189,3879
0.759,0.8215603584607275,0.9534597389805467,0.5478211658177702,0.6958396980860814,0.9276296056542503,11713,189,3196,3872
0.76,0.8212967843964154,0.954298418972332,0.5465478211658178,0.6950341849586182,0.9276296056542503,11717,185,3205,3863
0.761,0.8210332103321033,0.9544667161593665,0.5456989247311828,0.6943919344675489,0.9276296056542503,11718,184,3211,3857
0.762,0.8204006325777543,0.9550086999751429,0.5435766836445953,0.6928139933279236,0.9276296056542503,11721,181,3226,3842
0.763,0.8198207696362678,0.9551122194513716,0.5418788907753254,0.6914605524462899,0.9276296056542503,11722,180,3238,3830
0.764,0.8199261992619926,0.9565,0.541312959818902,0.6913624864474159,0.9276296056542503,11728,174,3242,3826
0.765,0.8198207696362678,0.9571643286573146,0.540605546123373,0.6909584086799276,0.9276296056542503,11731,171,3247,3821
0.766,0.8186610437532946,0.9571572580645161,0.5373514431239389,0.6882928597317869,0.9276296056542503,11732,170,3270,3798
0.767,0.8183447548761202,0.9580171977744056,0.5359366157328805,0.6873525675920885,0.9276296056542503,11736,166,3280,3788
0.768,0.8182393252503953,0.9586923466801824,0.5352292020373515,0.6869438895950608,0.9276296056542503,11739,163,3285,3783
0.769,0.8179757511860833,0.9591059182118364,0.5342388228636107,0.6862335302135393,0.9276296056542503,11741,161,3292,3776
0.77,0.8179230363732208,0.9597964376590331,0.5336728919071874,0.6859428987088562,0.9276296056542503,11744,158,3296,3772
0.771,0.8175540326831839,0.9601939270221995,0.5323995472552349,0.6849913534176755,0.9276296056542503,11746,156,3305,3763
0.772,0.8173431734317343,0.9603884487605417,0.5316921335597057,0.6844549676714324,0.9276296056542503,11747,155,3310,3758
0.773,0.8170268845545599,0.9603276170975172,0.5308432371250708,0.6837357630979499,0.9276296056542503,11747,155,3316,3752
0.774,0.816657880864523,0.9607289527720739,0.5295698924731183,0.682780007296607,0.9276296056542503,11749,153,3325,3743
0.775,0.8164997364259357,0.9611725379274878,0.5288624787775892,0.6823035502418545,0.9276296056542503,11751,151,3330,3738
0.776,0.8162888771744861,0.9618458365558133,0.5278720996038483,0.6816479400749064,0.9276296056542503,11754,148,3337,3731
0.777,0.816025303110174,0.9625129265770423,0.5267402376910016,0.6808705193855157,0.9276296056542503,11757,145,3345,3723
0.778,0.8156562994201371,0.9624449624449625,0.5257498585172609,0.6800256199103303,0.9276296056542503,11757,145,3352,3716
0.779,0.8153400105429626,0.9626265247858812,0.5247594793435201,0.6792418276714587,0.9276296056542503,11758,144,3359,3709
0.78,0.8149710068529257,0.9627991675338189,0.5236276174306734,0.6783357771260997,0.9276296056542503,11759,143,3367,3701
0.781,0.814496573537164,0.9629533002869815,0.5222127900396152,0.677185579304651,0.9276296056542503,11760,142,3377,3691
0.782,0.8141802846599895,0.9628952181865691,0.5213638936049801,0.6764570904084443,0.9276296056542503,11760,142,3383,3685
0.783,0.8138112809699526,0.963069669984285,0.5202320316921336,0.6755465735807459,0.9276296056542503,11761,141,3391,3677
0.784,0.8136004217185029,0.9632738719832109,0.5195246179966044,0.675,0.9276296056542503,11762,140,3396,3672
0.785,0.8136004217185029,0.964248159831756,0.5189586870401811,0.6747608535688006,0.9276296056542503,11766,136,3400,3668
0.786,0.8136004217185029,0.9647368421052631,0.5186757215619694,0.6746411483253588,0.9276296056542503,11768,134,3402,3666
0.787,0.813231418028466,0.9649169084674228,0.5175438596491229,0.6737268625103601,0.9276296056542503,11769,133,3410,3658
0.788,0.8131259884027412,0.9653896961690885,0.5169779286926995,0.6733622039988943,0.9276296056542503,11771,131,3414,3654
0.789,0.8128624143384291,0.9660837307896132,0.5158460667798529,0.6725696365984136,0.9276296056542503,11774,128,3422,3646
0.79,0.8123879810226674,0.9667464751263634,0.5141482739105829,0.6712847510852499,0.9276296056542503,11777,125,3434,3634
0.791,0.8121771217712177,0.967208744334844,0.5132993774759479,0.6706719659857657,0.9276296056542503,11779,123,3440,3628
0.792,0.8119135477069056,0.9671649759743727,0.5125919637804188,0.6700573330867394,0.9276296056542503,11779,123,3445,3623
0.793,0.811702688455456,0.967379679144385,0.5118845500848896,0.6695040710584752,0.9276296056542503,11780,122,3450,3618
0.794,0.8113336847654191,0.9673185105813019,0.5108941709111489,0.6686417924266271,0.9276296056542503,11780,122,3457,3611
0.795,0.8110173958882446,0.9680193496371943,0.5096208262591964,0.6677171192881639,0.9276296056542503,11783,119,3466,3602
0.796,0.8105956773853453,0.9684551091938528,0.5082059988681381,0.6666048065324301,0.9276296056542503,11785,117,3476,3592
0.797,0.8102266736953084,0.9689021092482423,0.5069326542161856,0.6656139699052573,0.9276296056542503,11787,115,3485,3583
0.798,0.8100158144438587,0.9693766937669377,0.5060837577815507,0.6649934932143521,0.9276296056542503,11789,113,3491,3577
0.799,0.8091196626251976,0.9694906020157995,0.5035370684776457,0.6628177670174131,0.9276296056542503,11790,112,3509,3559
0.8,0.8087506589351607,0.9699453551912568,0.5022637238256933,0.6618195376584638,0.9276296056542503,11792,110,3518,3550
